Packet #,Source IP,Destination IP,Source MAC,Destination MAC,Payload,Label
1,10.21.0.18,10.21.0.5,6a:76:e5:4c:3e:45,82:fb:46:aa:c6:e3,10.21.0.18 IS-AT 6a:76:e5:4c:3e:45,1
2,10.21.0.18,10.21.0.5,6a:76:e5:4c:3e:45,82:fb:46:aa:c6:e3,10.21.0.18 IS-AT 6a:76:e5:4c:3e:45,1
3,10.21.0.18,10.21.0.5,6a:76:e5:4c:3e:45,82:fb:46:aa:c6:e3,10.21.0.18 IS-AT 6a:76:e5:4c:3e:45,1
4,10.21.0.18,10.21.0.5,6a:76:e5:4c:3e:45,82:fb:46:aa:c6:e3,10.21.0.18 IS-AT 6a:76:e5:4c:3e:45,1
5,10.21.0.18,10.21.0.5,6a:76:e5:4c:3e:45,82:fb:46:aa:c6:e3,10.21.0.18 IS-AT 6a:76:e5:4c:3e:45,1
6,10.21.0.18,10.21.0.5,6a:76:e5:4c:3e:45,82:fb:46:aa:c6:e3,10.21.0.18 IS-AT 6a:76:e5:4c:3e:45,1
7,10.21.0.18,10.21.0.5,6a:76:e5:4c:3e:45,82:fb:46:aa:c6:e3,10.21.0.18 IS-AT 6a:76:e5:4c:3e:45,1
8,10.21.0.18,10.21.0.5,6a:76:e5:4c:3e:45,82:fb:46:aa:c6:e3,10.21.0.18 IS-AT 6a:76:e5:4c:3e:45,1
9,10.21.0.18,10.21.0.5,6a:76:e5:4c:3e:45,82:fb:46:aa:c6:e3,10.21.0.18 IS-AT 6a:76:e5:4c:3e:45,1
10,10.21.0.18,10.21.0.5,6a:76:e5:4c:3e:45,82:fb:46:aa:c6:e3,10.21.0.18 IS-AT 6a:76:e5:4c:3e:45,1
11,10.21.0.18,10.21.0.5,6a:76:e5:4c:3e:45,82:fb:46:aa:c6:e3,10.21.0.18 IS-AT 6a:76:e5:4c:3e:45,1
12,10.21.0.18,10.21.0.5,6a:76:e5:4c:3e:45,82:fb:46:aa:c6:e3,10.21.0.18 IS-AT 6a:76:e5:4c:3e:45,1
13,10.21.0.18,10.21.0.5,6a:76:e5:4c:3e:45,82:fb:46:aa:c6:e3,10.21.0.18 IS-AT 6a:76:e5:4c:3e:45,1
14,10.21.0.18,10.21.0.5,6a:76:e5:4c:3e:45,82:fb:46:aa:c6:e3,10.21.0.18 IS-AT 6a:76:e5:4c:3e:45,1
15,10.21.0.18,10.21.0.5,6a:76:e5:4c:3e:45,82:fb:46:aa:c6:e3,10.21.0.18 IS-AT 6a:76:e5:4c:3e:45,1
16,10.21.0.18,10.21.0.5,6a:76:e5:4c:3e:45,82:fb:46:aa:c6:e3,10.21.0.18 IS-AT 6a:76:e5:4c:3e:45,1
17,10.21.0.18,10.21.0.5,6a:76:e5:4c:3e:45,82:fb:46:aa:c6:e3,10.21.0.18 IS-AT 6a:76:e5:4c:3e:45,1
18,10.21.0.18,10.21.0.5,6a:76:e5:4c:3e:45,82:fb:46:aa:c6:e3,10.21.0.18 IS-AT 6a:76:e5:4c:3e:45,1
19,10.21.0.18,10.21.0.5,6a:76:e5:4c:3e:45,82:fb:46:aa:c6:e3,10.21.0.18 IS-AT 6a:76:e5:4c:3e:45,1
20,10.21.0.18,10.21.0.5,6a:76:e5:4c:3e:45,82:fb:46:aa:c6:e3,10.21.0.18 IS-AT 6a:76:e5:4c:3e:45,1
21,10.21.0.18,10.21.0.5,6a:76:e5:4c:3e:45,82:fb:46:aa:c6:e3,10.21.0.18 IS-AT 6a:76:e5:4c:3e:45,1
22,10.21.0.18,10.21.0.5,6a:76:e5:4c:3e:45,82:fb:46:aa:c6:e3,10.21.0.18 IS-AT 6a:76:e5:4c:3e:45,1
23,10.21.0.18,10.21.0.5,6a:76:e5:4c:3e:45,82:fb:46:aa:c6:e3,10.21.0.18 IS-AT 6a:76:e5:4c:3e:45,1
24,10.21.0.18,10.21.0.5,6a:76:e5:4c:3e:45,82:fb:46:aa:c6:e3,10.21.0.18 IS-AT 6a:76:e5:4c:3e:45,1
25,10.21.0.18,10.21.0.5,6a:76:e5:4c:3e:45,82:fb:46:aa:c6:e3,10.21.0.18 IS-AT 6a:76:e5:4c:3e:45,1
26,10.21.0.18,10.21.0.5,6a:76:e5:4c:3e:45,82:fb:46:aa:c6:e3,10.21.0.18 IS-AT 6a:76:e5:4c:3e:45,1
27,10.21.0.18,10.21.0.5,6a:76:e5:4c:3e:45,82:fb:46:aa:c6:e3,10.21.0.18 IS-AT 6a:76:e5:4c:3e:45,1
28,10.21.0.18,10.21.0.5,6a:76:e5:4c:3e:45,82:fb:46:aa:c6:e3,10.21.0.18 IS-AT 6a:76:e5:4c:3e:45,1
29,10.21.0.18,10.21.0.5,6a:76:e5:4c:3e:45,82:fb:46:aa:c6:e3,10.21.0.18 IS-AT 6a:76:e5:4c:3e:45,1
30,10.21.0.18,10.21.0.5,6a:76:e5:4c:3e:45,82:fb:46:aa:c6:e3,10.21.0.18 IS-AT 6a:76:e5:4c:3e:45,1
31,10.21.0.18,10.21.0.5,6a:76:e5:4c:3e:45,82:fb:46:aa:c6:e3,10.21.0.18 IS-AT 6a:76:e5:4c:3e:45,1
32,10.21.0.18,10.21.0.5,6a:76:e5:4c:3e:45,82:fb:46:aa:c6:e3,10.21.0.18 IS-AT 6a:76:e5:4c:3e:45,1
33,10.21.0.18,10.21.0.5,6a:76:e5:4c:3e:45,82:fb:46:aa:c6:e3,10.21.0.18 IS-AT 6a:76:e5:4c:3e:45,1
34,10.21.0.18,10.21.0.5,6a:76:e5:4c:3e:45,82:fb:46:aa:c6:e3,10.21.0.18 IS-AT 6a:76:e5:4c:3e:45,1
35,10.21.0.18,10.21.0.5,6a:76:e5:4c:3e:45,82:fb:46:aa:c6:e3,10.21.0.18 IS-AT 6a:76:e5:4c:3e:45,1
36,10.21.0.18,10.21.0.5,6a:76:e5:4c:3e:45,82:fb:46:aa:c6:e3,10.21.0.18 IS-AT 6a:76:e5:4c:3e:45,1
37,10.21.0.18,10.21.0.5,6a:76:e5:4c:3e:45,82:fb:46:aa:c6:e3,10.21.0.18 IS-AT 6a:76:e5:4c:3e:45,1
38,10.21.0.18,10.21.0.5,6a:76:e5:4c:3e:45,82:fb:46:aa:c6:e3,10.21.0.18 IS-AT 6a:76:e5:4c:3e:45,1
39,10.21.0.18,10.21.0.5,6a:76:e5:4c:3e:45,82:fb:46:aa:c6:e3,10.21.0.18 IS-AT 6a:76:e5:4c:3e:45,1
40,10.21.0.18,10.21.0.5,6a:76:e5:4c:3e:45,82:fb:46:aa:c6:e3,10.21.0.18 IS-AT 6a:76:e5:4c:3e:45,1
41,10.21.0.18,10.21.0.5,6a:76:e5:4c:3e:45,82:fb:46:aa:c6:e3,10.21.0.18 IS-AT 6a:76:e5:4c:3e:45,1
42,10.21.0.18,10.21.0.5,6a:76:e5:4c:3e:45,82:fb:46:aa:c6:e3,10.21.0.18 IS-AT 6a:76:e5:4c:3e:45,1
43,10.21.0.18,10.21.0.5,6a:76:e5:4c:3e:45,82:fb:46:aa:c6:e3,10.21.0.18 IS-AT 6a:76:e5:4c:3e:45,1
44,10.21.0.18,10.21.0.5,ca:19:e5:3f:46:f3,ff:ff:ff:ff:ff:ff,WHO-HAS 10.21.0.5? TELL 10.21.0.18,0
45,10.21.0.5,10.21.0.18,82:fb:46:aa:c6:e3,ca:19:e5:3f:46:f3,10.21.0.5 IS-AT 82:fb:46:aa:c6:e3,0
46,10.21.0.18,10.21.0.5,ca:19:e5:3f:46:f3,82:fb:46:aa:c6:e3,10.21.0.18 IS-AT ca:19:e5:3f:46:f3,0
47,10.21.0.18,10.21.0.5,ca:19:e5:3f:46:f3,ff:ff:ff:ff:ff:ff,WHO-HAS 10.21.0.5? TELL 10.21.0.18,0
48,10.21.0.5,10.21.0.18,82:fb:46:aa:c6:e3,ca:19:e5:3f:46:f3,10.21.0.5 IS-AT 82:fb:46:aa:c6:e3,0
49,10.21.0.18,10.21.0.5,ca:19:e5:3f:46:f3,82:fb:46:aa:c6:e3,10.21.0.18 IS-AT ca:19:e5:3f:46:f3,0
50,10.21.0.18,10.21.0.5,ca:19:e5:3f:46:f3,ff:ff:ff:ff:ff:ff,WHO-HAS 10.21.0.5? TELL 10.21.0.18,0
51,10.21.0.5,10.21.0.18,82:fb:46:aa:c6:e3,ca:19:e5:3f:46:f3,10.21.0.5 IS-AT 82:fb:46:aa:c6:e3,0
52,10.21.0.18,10.21.0.5,ca:19:e5:3f:46:f3,82:fb:46:aa:c6:e3,10.21.0.18 IS-AT ca:19:e5:3f:46:f3,0
53,10.21.0.18,10.21.0.5,ca:19:e5:3f:46:f3,ff:ff:ff:ff:ff:ff,WHO-HAS 10.21.0.5? TELL 10.21.0.18,0
54,10.21.0.5,10.21.0.18,82:fb:46:aa:c6:e3,ca:19:e5:3f:46:f3,10.21.0.5 IS-AT 82:fb:46:aa:c6:e3,0
55,10.21.0.18,10.21.0.5,ca:19:e5:3f:46:f3,82:fb:46:aa:c6:e3,10.21.0.18 IS-AT ca:19:e5:3f:46:f3,0
56,10.21.0.18,10.21.0.5,ca:19:e5:3f:46:f3,ff:ff:ff:ff:ff:ff,WHO-HAS 10.21.0.5? TELL 10.21.0.18,0
57,10.21.0.5,10.21.0.18,82:fb:46:aa:c6:e3,ca:19:e5:3f:46:f3,10.21.0.5 IS-AT 82:fb:46:aa:c6:e3,0
58,10.21.0.18,10.21.0.5,ca:19:e5:3f:46:f3,82:fb:46:aa:c6:e3,10.21.0.18 IS-AT ca:19:e5:3f:46:f3,0
59,10.21.0.18,10.21.0.5,ca:19:e5:3f:46:f3,ff:ff:ff:ff:ff:ff,WHO-HAS 10.21.0.5? TELL 10.21.0.18,0
60,10.21.0.5,10.21.0.18,82:fb:46:aa:c6:e3,ca:19:e5:3f:46:f3,10.21.0.5 IS-AT 82:fb:46:aa:c6:e3,0
61,10.21.0.18,10.21.0.5,ca:19:e5:3f:46:f3,82:fb:46:aa:c6:e3,10.21.0.18 IS-AT ca:19:e5:3f:46:f3,0
62,10.21.0.18,10.21.0.5,ca:19:e5:3f:46:f3,ff:ff:ff:ff:ff:ff,WHO-HAS 10.21.0.5? TELL 10.21.0.18,0
63,10.21.0.5,10.21.0.18,82:fb:46:aa:c6:e3,ca:19:e5:3f:46:f3,10.21.0.5 IS-AT 82:fb:46:aa:c6:e3,0
64,10.21.0.18,10.21.0.5,ca:19:e5:3f:46:f3,82:fb:46:aa:c6:e3,10.21.0.18 IS-AT ca:19:e5:3f:46:f3,0
65,10.21.0.18,10.21.0.5,ca:19:e5:3f:46:f3,ff:ff:ff:ff:ff:ff,WHO-HAS 10.21.0.5? TELL 10.21.0.18,0
66,10.21.0.5,10.21.0.18,82:fb:46:aa:c6:e3,ca:19:e5:3f:46:f3,10.21.0.5 IS-AT 82:fb:46:aa:c6:e3,0
67,10.21.0.18,10.21.0.5,ca:19:e5:3f:46:f3,82:fb:46:aa:c6:e3,10.21.0.18 IS-AT ca:19:e5:3f:46:f3,0
68,10.21.0.18,10.21.0.5,ca:19:e5:3f:46:f3,ff:ff:ff:ff:ff:ff,WHO-HAS 10.21.0.5? TELL 10.21.0.18,0
69,10.21.0.5,10.21.0.18,82:fb:46:aa:c6:e3,ca:19:e5:3f:46:f3,10.21.0.5 IS-AT 82:fb:46:aa:c6:e3,0
70,10.21.0.18,10.21.0.5,ca:19:e5:3f:46:f3,82:fb:46:aa:c6:e3,10.21.0.18 IS-AT ca:19:e5:3f:46:f3,0
71,10.21.0.18,10.21.0.5,ca:19:e5:3f:46:f3,ff:ff:ff:ff:ff:ff,WHO-HAS 10.21.0.5? TELL 10.21.0.18,0
72,10.21.0.5,10.21.0.18,82:fb:46:aa:c6:e3,ca:19:e5:3f:46:f3,10.21.0.5 IS-AT 82:fb:46:aa:c6:e3,0
73,10.21.0.18,10.21.0.5,ca:19:e5:3f:46:f3,82:fb:46:aa:c6:e3,10.21.0.18 IS-AT ca:19:e5:3f:46:f3,0
74,10.21.0.18,10.21.0.5,ca:19:e5:3f:46:f3,ff:ff:ff:ff:ff:ff,WHO-HAS 10.21.0.5? TELL 10.21.0.18,0
75,10.21.0.5,10.21.0.18,82:fb:46:aa:c6:e3,ca:19:e5:3f:46:f3,10.21.0.5 IS-AT 82:fb:46:aa:c6:e3,0
76,10.21.0.18,10.21.0.5,ca:19:e5:3f:46:f3,82:fb:46:aa:c6:e3,10.21.0.18 IS-AT ca:19:e5:3f:46:f3,0
77,10.21.0.18,10.21.0.5,ca:19:e5:3f:46:f3,ff:ff:ff:ff:ff:ff,WHO-HAS 10.21.0.5? TELL 10.21.0.18,0
78,10.21.0.5,10.21.0.18,82:fb:46:aa:c6:e3,ca:19:e5:3f:46:f3,10.21.0.5 IS-AT 82:fb:46:aa:c6:e3,0
79,10.21.0.18,10.21.0.5,ca:19:e5:3f:46:f3,82:fb:46:aa:c6:e3,10.21.0.18 IS-AT ca:19:e5:3f:46:f3,0
80,10.21.0.18,10.21.0.5,ca:19:e5:3f:46:f3,ff:ff:ff:ff:ff:ff,WHO-HAS 10.21.0.5? TELL 10.21.0.18,0
81,10.21.0.5,10.21.0.18,82:fb:46:aa:c6:e3,ca:19:e5:3f:46:f3,10.21.0.5 IS-AT 82:fb:46:aa:c6:e3,0
82,10.21.0.18,10.21.0.5,ca:19:e5:3f:46:f3,82:fb:46:aa:c6:e3,10.21.0.18 IS-AT ca:19:e5:3f:46:f3,0
83,10.21.0.18,10.21.0.5,ca:19:e5:3f:46:f3,ff:ff:ff:ff:ff:ff,WHO-HAS 10.21.0.5? TELL 10.21.0.18,0
84,10.21.0.5,10.21.0.18,82:fb:46:aa:c6:e3,ca:19:e5:3f:46:f3,10.21.0.5 IS-AT 82:fb:46:aa:c6:e3,0
85,10.21.0.18,10.21.0.5,ca:19:e5:3f:46:f3,82:fb:46:aa:c6:e3,10.21.0.18 IS-AT ca:19:e5:3f:46:f3,0
86,10.21.0.18,10.21.0.5,ca:19:e5:3f:46:f3,ff:ff:ff:ff:ff:ff,WHO-HAS 10.21.0.5? TELL 10.21.0.18,0
87,10.21.0.5,10.21.0.18,82:fb:46:aa:c6:e3,ca:19:e5:3f:46:f3,10.21.0.5 IS-AT 82:fb:46:aa:c6:e3,0
88,10.21.0.18,10.21.0.5,ca:19:e5:3f:46:f3,82:fb:46:aa:c6:e3,10.21.0.18 IS-AT ca:19:e5:3f:46:f3,0
89,10.21.0.18,10.21.0.5,ca:19:e5:3f:46:f3,ff:ff:ff:ff:ff:ff,WHO-HAS 10.21.0.5? TELL 10.21.0.18,0
90,10.21.0.5,10.21.0.18,82:fb:46:aa:c6:e3,ca:19:e5:3f:46:f3,10.21.0.5 IS-AT 82:fb:46:aa:c6:e3,0
91,10.21.0.18,10.21.0.5,ca:19:e5:3f:46:f3,82:fb:46:aa:c6:e3,10.21.0.18 IS-AT ca:19:e5:3f:46:f3,0
92,10.21.0.18,10.21.0.5,ca:19:e5:3f:46:f3,ff:ff:ff:ff:ff:ff,WHO-HAS 10.21.0.5? TELL 10.21.0.18,0
93,10.21.0.5,10.21.0.18,82:fb:46:aa:c6:e3,ca:19:e5:3f:46:f3,10.21.0.5 IS-AT 82:fb:46:aa:c6:e3,0
94,10.21.0.18,10.21.0.5,ca:19:e5:3f:46:f3,82:fb:46:aa:c6:e3,10.21.0.18 IS-AT ca:19:e5:3f:46:f3,0
95,10.21.0.18,10.21.0.5,ca:19:e5:3f:46:f3,ff:ff:ff:ff:ff:ff,WHO-HAS 10.21.0.5? TELL 10.21.0.18,0
96,10.21.0.5,10.21.0.18,82:fb:46:aa:c6:e3,ca:19:e5:3f:46:f3,10.21.0.5 IS-AT 82:fb:46:aa:c6:e3,0
97,10.21.0.18,10.21.0.5,ca:19:e5:3f:46:f3,82:fb:46:aa:c6:e3,10.21.0.18 IS-AT ca:19:e5:3f:46:f3,0
98,10.21.0.18,10.21.0.5,ca:19:e5:3f:46:f3,ff:ff:ff:ff:ff:ff,WHO-HAS 10.21.0.5? TELL 10.21.0.18,0
99,10.21.0.5,10.21.0.18,82:fb:46:aa:c6:e3,ca:19:e5:3f:46:f3,10.21.0.5 IS-AT 82:fb:46:aa:c6:e3,0
100,10.21.0.18,10.21.0.5,ca:19:e5:3f:46:f3,82:fb:46:aa:c6:e3,10.21.0.18 IS-AT ca:19:e5:3f:46:f3,0
101,10.21.0.18,10.21.0.5,ca:19:e5:3f:46:f3,ff:ff:ff:ff:ff:ff,WHO-HAS 10.21.0.5? TELL 10.21.0.18,0
102,10.21.0.5,10.21.0.18,82:fb:46:aa:c6:e3,ca:19:e5:3f:46:f3,10.21.0.5 IS-AT 82:fb:46:aa:c6:e3,0
103,10.21.0.18,10.21.0.5,ca:19:e5:3f:46:f3,82:fb:46:aa:c6:e3,10.21.0.18 IS-AT ca:19:e5:3f:46:f3,0
104,10.21.0.18,10.21.0.5,ca:19:e5:3f:46:f3,ff:ff:ff:ff:ff:ff,WHO-HAS 10.21.0.5? TELL 10.21.0.18,0
105,10.21.0.5,10.21.0.18,82:fb:46:aa:c6:e3,ca:19:e5:3f:46:f3,10.21.0.5 IS-AT 82:fb:46:aa:c6:e3,0
106,10.21.0.18,10.21.0.5,ca:19:e5:3f:46:f3,82:fb:46:aa:c6:e3,10.21.0.18 IS-AT ca:19:e5:3f:46:f3,0
107,10.21.0.18,10.21.0.5,ca:19:e5:3f:46:f3,ff:ff:ff:ff:ff:ff,WHO-HAS 10.21.0.5? TELL 10.21.0.18,0
108,10.21.0.5,10.21.0.18,82:fb:46:aa:c6:e3,ca:19:e5:3f:46:f3,10.21.0.5 IS-AT 82:fb:46:aa:c6:e3,0
109,10.21.0.18,10.21.0.5,ca:19:e5:3f:46:f3,82:fb:46:aa:c6:e3,10.21.0.18 IS-AT ca:19:e5:3f:46:f3,0
110,10.21.0.18,10.21.0.5,ca:19:e5:3f:46:f3,ff:ff:ff:ff:ff:ff,WHO-HAS 10.21.0.5? TELL 10.21.0.18,0
111,10.21.0.5,10.21.0.18,82:fb:46:aa:c6:e3,ca:19:e5:3f:46:f3,10.21.0.5 IS-AT 82:fb:46:aa:c6:e3,0
112,10.21.0.18,10.21.0.5,ca:19:e5:3f:46:f3,82:fb:46:aa:c6:e3,10.21.0.18 IS-AT ca:19:e5:3f:46:f3,0
113,10.21.0.18,10.21.0.5,ca:19:e5:3f:46:f3,ff:ff:ff:ff:ff:ff,WHO-HAS 10.21.0.5? TELL 10.21.0.18,0
114,10.21.0.5,10.21.0.18,82:fb:46:aa:c6:e3,ca:19:e5:3f:46:f3,10.21.0.5 IS-AT 82:fb:46:aa:c6:e3,0
115,10.21.0.18,10.21.0.5,ca:19:e5:3f:46:f3,82:fb:46:aa:c6:e3,10.21.0.18 IS-AT ca:19:e5:3f:46:f3,0
116,10.21.0.18,10.21.0.5,ca:19:e5:3f:46:f3,ff:ff:ff:ff:ff:ff,WHO-HAS 10.21.0.5? TELL 10.21.0.18,0
117,10.21.0.5,10.21.0.18,82:fb:46:aa:c6:e3,ca:19:e5:3f:46:f3,10.21.0.5 IS-AT 82:fb:46:aa:c6:e3,0
118,10.21.0.18,10.21.0.5,ca:19:e5:3f:46:f3,82:fb:46:aa:c6:e3,10.21.0.18 IS-AT ca:19:e5:3f:46:f3,0
119,10.21.0.18,10.21.0.5,ca:19:e5:3f:46:f3,ff:ff:ff:ff:ff:ff,WHO-HAS 10.21.0.5? TELL 10.21.0.18,0
120,10.21.0.5,10.21.0.18,82:fb:46:aa:c6:e3,ca:19:e5:3f:46:f3,10.21.0.5 IS-AT 82:fb:46:aa:c6:e3,0
121,10.21.0.18,10.21.0.5,ca:19:e5:3f:46:f3,82:fb:46:aa:c6:e3,10.21.0.18 IS-AT ca:19:e5:3f:46:f3,0
122,10.21.0.18,10.21.0.5,ca:19:e5:3f:46:f3,ff:ff:ff:ff:ff:ff,WHO-HAS 10.21.0.5? TELL 10.21.0.18,0
123,10.21.0.5,10.21.0.18,82:fb:46:aa:c6:e3,ca:19:e5:3f:46:f3,10.21.0.5 IS-AT 82:fb:46:aa:c6:e3,0
124,10.21.0.18,10.21.0.5,ca:19:e5:3f:46:f3,82:fb:46:aa:c6:e3,10.21.0.18 IS-AT ca:19:e5:3f:46:f3,0
125,10.21.0.18,10.21.0.5,ca:19:e5:3f:46:f3,ff:ff:ff:ff:ff:ff,WHO-HAS 10.21.0.5? TELL 10.21.0.18,0
126,10.21.0.5,10.21.0.18,82:fb:46:aa:c6:e3,ca:19:e5:3f:46:f3,10.21.0.5 IS-AT 82:fb:46:aa:c6:e3,0
127,10.21.0.18,10.21.0.5,ca:19:e5:3f:46:f3,82:fb:46:aa:c6:e3,10.21.0.18 IS-AT ca:19:e5:3f:46:f3,0
128,10.21.0.18,10.21.0.5,ca:19:e5:3f:46:f3,ff:ff:ff:ff:ff:ff,WHO-HAS 10.21.0.5? TELL 10.21.0.18,0
129,10.21.0.5,10.21.0.18,82:fb:46:aa:c6:e3,ca:19:e5:3f:46:f3,10.21.0.5 IS-AT 82:fb:46:aa:c6:e3,0
130,10.21.0.18,10.21.0.5,ca:19:e5:3f:46:f3,82:fb:46:aa:c6:e3,10.21.0.18 IS-AT ca:19:e5:3f:46:f3,0
131,10.21.0.18,10.21.0.5,ca:19:e5:3f:46:f3,ff:ff:ff:ff:ff:ff,WHO-HAS 10.21.0.5? TELL 10.21.0.18,0
132,10.21.0.5,10.21.0.18,82:fb:46:aa:c6:e3,ca:19:e5:3f:46:f3,10.21.0.5 IS-AT 82:fb:46:aa:c6:e3,0
133,10.21.0.18,10.21.0.5,ca:19:e5:3f:46:f3,82:fb:46:aa:c6:e3,10.21.0.18 IS-AT ca:19:e5:3f:46:f3,0
134,10.21.0.18,10.21.0.5,ca:19:e5:3f:46:f3,ff:ff:ff:ff:ff:ff,WHO-HAS 10.21.0.5? TELL 10.21.0.18,0
135,10.21.0.5,10.21.0.18,82:fb:46:aa:c6:e3,ca:19:e5:3f:46:f3,10.21.0.5 IS-AT 82:fb:46:aa:c6:e3,0
136,10.21.0.18,10.21.0.5,ca:19:e5:3f:46:f3,82:fb:46:aa:c6:e3,10.21.0.18 IS-AT ca:19:e5:3f:46:f3,0
137,10.21.0.18,10.21.0.5,ca:19:e5:3f:46:f3,ff:ff:ff:ff:ff:ff,WHO-HAS 10.21.0.5? TELL 10.21.0.18,0
138,10.21.0.5,10.21.0.18,82:fb:46:aa:c6:e3,ca:19:e5:3f:46:f3,10.21.0.5 IS-AT 82:fb:46:aa:c6:e3,0
139,10.21.0.18,10.21.0.5,ca:19:e5:3f:46:f3,82:fb:46:aa:c6:e3,10.21.0.18 IS-AT ca:19:e5:3f:46:f3,0
140,10.21.0.18,10.21.0.5,ca:19:e5:3f:46:f3,ff:ff:ff:ff:ff:ff,WHO-HAS 10.21.0.5? TELL 10.21.0.18,0
141,10.21.0.5,10.21.0.18,82:fb:46:aa:c6:e3,ca:19:e5:3f:46:f3,10.21.0.5 IS-AT 82:fb:46:aa:c6:e3,0
142,10.21.0.18,10.21.0.5,ca:19:e5:3f:46:f3,82:fb:46:aa:c6:e3,10.21.0.18 IS-AT ca:19:e5:3f:46:f3,0
143,10.21.0.18,10.21.0.5,ca:19:e5:3f:46:f3,ff:ff:ff:ff:ff:ff,WHO-HAS 10.21.0.5? TELL 10.21.0.18,0
144,10.21.0.5,10.21.0.18,82:fb:46:aa:c6:e3,ca:19:e5:3f:46:f3,10.21.0.5 IS-AT 82:fb:46:aa:c6:e3,0
145,10.21.0.18,10.21.0.5,ca:19:e5:3f:46:f3,82:fb:46:aa:c6:e3,10.21.0.18 IS-AT ca:19:e5:3f:46:f3,0
146,10.21.0.18,10.21.0.5,ca:19:e5:3f:46:f3,ff:ff:ff:ff:ff:ff,WHO-HAS 10.21.0.5? TELL 10.21.0.18,0
147,10.21.0.5,10.21.0.18,82:fb:46:aa:c6:e3,ca:19:e5:3f:46:f3,10.21.0.5 IS-AT 82:fb:46:aa:c6:e3,0
148,10.21.0.18,10.21.0.5,ca:19:e5:3f:46:f3,82:fb:46:aa:c6:e3,10.21.0.18 IS-AT ca:19:e5:3f:46:f3,0
149,10.21.0.18,10.21.0.5,ca:19:e5:3f:46:f3,ff:ff:ff:ff:ff:ff,WHO-HAS 10.21.0.5? TELL 10.21.0.18,0
150,10.21.0.5,10.21.0.18,82:fb:46:aa:c6:e3,ca:19:e5:3f:46:f3,10.21.0.5 IS-AT 82:fb:46:aa:c6:e3,0
151,10.21.0.18,10.21.0.5,ca:19:e5:3f:46:f3,82:fb:46:aa:c6:e3,10.21.0.18 IS-AT ca:19:e5:3f:46:f3,0
152,10.21.0.18,10.21.0.5,ca:19:e5:3f:46:f3,ff:ff:ff:ff:ff:ff,WHO-HAS 10.21.0.5? TELL 10.21.0.18,0
153,10.21.0.5,10.21.0.18,82:fb:46:aa:c6:e3,ca:19:e5:3f:46:f3,10.21.0.5 IS-AT 82:fb:46:aa:c6:e3,0
154,10.21.0.18,10.21.0.5,ca:19:e5:3f:46:f3,82:fb:46:aa:c6:e3,10.21.0.18 IS-AT ca:19:e5:3f:46:f3,0
155,10.21.0.18,10.21.0.5,ca:19:e5:3f:46:f3,ff:ff:ff:ff:ff:ff,WHO-HAS 10.21.0.5? TELL 10.21.0.18,0
156,10.21.0.5,10.21.0.18,82:fb:46:aa:c6:e3,ca:19:e5:3f:46:f3,10.21.0.5 IS-AT 82:fb:46:aa:c6:e3,0
157,10.21.0.18,10.21.0.5,ca:19:e5:3f:46:f3,82:fb:46:aa:c6:e3,10.21.0.18 IS-AT ca:19:e5:3f:46:f3,0
158,10.21.0.18,10.21.0.5,ca:19:e5:3f:46:f3,ff:ff:ff:ff:ff:ff,WHO-HAS 10.21.0.5? TELL 10.21.0.18,0
159,10.21.0.5,10.21.0.18,82:fb:46:aa:c6:e3,ca:19:e5:3f:46:f3,10.21.0.5 IS-AT 82:fb:46:aa:c6:e3,0
160,10.21.0.18,10.21.0.5,ca:19:e5:3f:46:f3,82:fb:46:aa:c6:e3,10.21.0.18 IS-AT ca:19:e5:3f:46:f3,0
161,10.21.0.18,10.21.0.5,ca:19:e5:3f:46:f3,ff:ff:ff:ff:ff:ff,WHO-HAS 10.21.0.5? TELL 10.21.0.18,0
162,10.21.0.5,10.21.0.18,82:fb:46:aa:c6:e3,ca:19:e5:3f:46:f3,10.21.0.5 IS-AT 82:fb:46:aa:c6:e3,0
163,10.21.0.18,10.21.0.5,ca:19:e5:3f:46:f3,82:fb:46:aa:c6:e3,10.21.0.18 IS-AT ca:19:e5:3f:46:f3,0
164,10.21.0.18,10.21.0.5,ca:19:e5:3f:46:f3,ff:ff:ff:ff:ff:ff,WHO-HAS 10.21.0.5? TELL 10.21.0.18,0
165,10.21.0.5,10.21.0.18,82:fb:46:aa:c6:e3,ca:19:e5:3f:46:f3,10.21.0.5 IS-AT 82:fb:46:aa:c6:e3,0
166,10.21.0.18,10.21.0.5,ca:19:e5:3f:46:f3,82:fb:46:aa:c6:e3,10.21.0.18 IS-AT ca:19:e5:3f:46:f3,0
167,10.21.0.18,10.21.0.5,ca:19:e5:3f:46:f3,ff:ff:ff:ff:ff:ff,WHO-HAS 10.21.0.5? TELL 10.21.0.18,0
168,10.21.0.5,10.21.0.18,82:fb:46:aa:c6:e3,ca:19:e5:3f:46:f3,10.21.0.5 IS-AT 82:fb:46:aa:c6:e3,0
169,10.21.0.18,10.21.0.5,ca:19:e5:3f:46:f3,82:fb:46:aa:c6:e3,10.21.0.18 IS-AT ca:19:e5:3f:46:f3,0
170,10.21.0.18,10.21.0.5,ca:19:e5:3f:46:f3,ff:ff:ff:ff:ff:ff,WHO-HAS 10.21.0.5? TELL 10.21.0.18,0
171,10.21.0.5,10.21.0.18,82:fb:46:aa:c6:e3,ca:19:e5:3f:46:f3,10.21.0.5 IS-AT 82:fb:46:aa:c6:e3,0
172,10.21.0.18,10.21.0.5,ca:19:e5:3f:46:f3,82:fb:46:aa:c6:e3,10.21.0.18 IS-AT ca:19:e5:3f:46:f3,0
173,10.21.0.18,10.21.0.5,ca:19:e5:3f:46:f3,ff:ff:ff:ff:ff:ff,WHO-HAS 10.21.0.5? TELL 10.21.0.18,0
174,10.21.0.5,10.21.0.18,82:fb:46:aa:c6:e3,ca:19:e5:3f:46:f3,10.21.0.5 IS-AT 82:fb:46:aa:c6:e3,0
175,10.21.0.18,10.21.0.5,ca:19:e5:3f:46:f3,82:fb:46:aa:c6:e3,10.21.0.18 IS-AT ca:19:e5:3f:46:f3,0
176,10.21.0.18,10.21.0.5,ca:19:e5:3f:46:f3,ff:ff:ff:ff:ff:ff,WHO-HAS 10.21.0.5? TELL 10.21.0.18,0
177,10.21.0.5,10.21.0.18,82:fb:46:aa:c6:e3,ca:19:e5:3f:46:f3,10.21.0.5 IS-AT 82:fb:46:aa:c6:e3,0
178,10.21.0.18,10.21.0.5,ca:19:e5:3f:46:f3,82:fb:46:aa:c6:e3,10.21.0.18 IS-AT ca:19:e5:3f:46:f3,0
179,10.21.0.18,10.21.0.5,ca:19:e5:3f:46:f3,ff:ff:ff:ff:ff:ff,WHO-HAS 10.21.0.5? TELL 10.21.0.18,0
180,10.21.0.5,10.21.0.18,82:fb:46:aa:c6:e3,ca:19:e5:3f:46:f3,10.21.0.5 IS-AT 82:fb:46:aa:c6:e3,0
181,10.21.0.18,10.21.0.5,ca:19:e5:3f:46:f3,82:fb:46:aa:c6:e3,10.21.0.18 IS-AT ca:19:e5:3f:46:f3,0
182,10.21.0.18,10.21.0.5,ca:19:e5:3f:46:f3,ff:ff:ff:ff:ff:ff,WHO-HAS 10.21.0.5? TELL 10.21.0.18,0
183,10.21.0.5,10.21.0.18,82:fb:46:aa:c6:e3,ca:19:e5:3f:46:f3,10.21.0.5 IS-AT 82:fb:46:aa:c6:e3,0
184,10.21.0.18,10.21.0.5,ca:19:e5:3f:46:f3,82:fb:46:aa:c6:e3,10.21.0.18 IS-AT ca:19:e5:3f:46:f3,0
185,10.21.0.18,10.21.0.5,ca:19:e5:3f:46:f3,ff:ff:ff:ff:ff:ff,WHO-HAS 10.21.0.5? TELL 10.21.0.18,0
186,10.21.0.5,10.21.0.18,82:fb:46:aa:c6:e3,ca:19:e5:3f:46:f3,10.21.0.5 IS-AT 82:fb:46:aa:c6:e3,0
187,10.21.0.18,10.21.0.5,ca:19:e5:3f:46:f3,82:fb:46:aa:c6:e3,10.21.0.18 IS-AT ca:19:e5:3f:46:f3,0
188,10.21.0.18,10.21.0.5,6a:76:e5:4c:3e:45,82:fb:46:aa:c6:e3,10.21.0.18 IS-AT 6a:76:e5:4c:3e:45,1
189,10.21.0.18,10.21.0.5,6a:76:e5:4c:3e:45,82:fb:46:aa:c6:e3,10.21.0.18 IS-AT 6a:76:e5:4c:3e:45,1
190,10.21.0.18,10.21.0.5,6a:76:e5:4c:3e:45,82:fb:46:aa:c6:e3,10.21.0.18 IS-AT 6a:76:e5:4c:3e:45,1
191,10.21.0.18,10.21.0.5,6a:76:e5:4c:3e:45,82:fb:46:aa:c6:e3,10.21.0.18 IS-AT 6a:76:e5:4c:3e:45,1
192,10.21.0.18,10.21.0.5,6a:76:e5:4c:3e:45,82:fb:46:aa:c6:e3,10.21.0.18 IS-AT 6a:76:e5:4c:3e:45,1
193,10.21.0.18,10.21.0.5,6a:76:e5:4c:3e:45,82:fb:46:aa:c6:e3,10.21.0.18 IS-AT 6a:76:e5:4c:3e:45,1
194,10.21.0.18,10.21.0.5,6a:76:e5:4c:3e:45,82:fb:46:aa:c6:e3,10.21.0.18 IS-AT 6a:76:e5:4c:3e:45,1
195,10.21.0.18,10.21.0.5,6a:76:e5:4c:3e:45,82:fb:46:aa:c6:e3,10.21.0.18 IS-AT 6a:76:e5:4c:3e:45,1
196,10.21.0.18,10.21.0.5,6a:76:e5:4c:3e:45,82:fb:46:aa:c6:e3,10.21.0.18 IS-AT 6a:76:e5:4c:3e:45,1
197,10.21.0.18,10.21.0.5,6a:76:e5:4c:3e:45,82:fb:46:aa:c6:e3,10.21.0.18 IS-AT 6a:76:e5:4c:3e:45,1
198,10.21.0.18,10.21.0.5,6a:76:e5:4c:3e:45,82:fb:46:aa:c6:e3,10.21.0.18 IS-AT 6a:76:e5:4c:3e:45,1
199,10.21.0.18,10.21.0.5,6a:76:e5:4c:3e:45,82:fb:46:aa:c6:e3,10.21.0.18 IS-AT 6a:76:e5:4c:3e:45,1
200,10.21.0.18,10.21.0.5,6a:76:e5:4c:3e:45,82:fb:46:aa:c6:e3,10.21.0.18 IS-AT 6a:76:e5:4c:3e:45,1
201,10.21.0.18,10.21.0.5,6a:76:e5:4c:3e:45,82:fb:46:aa:c6:e3,10.21.0.18 IS-AT 6a:76:e5:4c:3e:45,1
202,10.21.0.18,10.21.0.5,6a:76:e5:4c:3e:45,82:fb:46:aa:c6:e3,10.21.0.18 IS-AT 6a:76:e5:4c:3e:45,1
203,10.21.0.18,10.21.0.5,6a:76:e5:4c:3e:45,82:fb:46:aa:c6:e3,10.21.0.18 IS-AT 6a:76:e5:4c:3e:45,1
204,10.21.0.18,10.21.0.5,6a:76:e5:4c:3e:45,82:fb:46:aa:c6:e3,10.21.0.18 IS-AT 6a:76:e5:4c:3e:45,1
205,10.21.0.18,10.21.0.5,6a:76:e5:4c:3e:45,82:fb:46:aa:c6:e3,10.21.0.18 IS-AT 6a:76:e5:4c:3e:45,1
206,10.21.0.18,10.21.0.5,6a:76:e5:4c:3e:45,82:fb:46:aa:c6:e3,10.21.0.18 IS-AT 6a:76:e5:4c:3e:45,1
207,10.21.0.18,10.21.0.5,6a:76:e5:4c:3e:45,82:fb:46:aa:c6:e3,10.21.0.18 IS-AT 6a:76:e5:4c:3e:45,1
208,10.21.0.18,10.21.0.5,6a:76:e5:4c:3e:45,82:fb:46:aa:c6:e3,10.21.0.18 IS-AT 6a:76:e5:4c:3e:45,1
209,10.21.0.18,10.21.0.5,6a:76:e5:4c:3e:45,82:fb:46:aa:c6:e3,10.21.0.18 IS-AT 6a:76:e5:4c:3e:45,1
210,10.21.0.18,10.21.0.5,6a:76:e5:4c:3e:45,82:fb:46:aa:c6:e3,10.21.0.18 IS-AT 6a:76:e5:4c:3e:45,1
211,10.21.0.18,10.21.0.5,6a:76:e5:4c:3e:45,82:fb:46:aa:c6:e3,10.21.0.18 IS-AT 6a:76:e5:4c:3e:45,1
212,10.21.0.18,10.21.0.5,6a:76:e5:4c:3e:45,82:fb:46:aa:c6:e3,10.21.0.18 IS-AT 6a:76:e5:4c:3e:45,1
213,10.21.0.18,10.21.0.5,6a:76:e5:4c:3e:45,82:fb:46:aa:c6:e3,10.21.0.18 IS-AT 6a:76:e5:4c:3e:45,1
214,10.21.0.18,10.21.0.5,6a:76:e5:4c:3e:45,82:fb:46:aa:c6:e3,10.21.0.18 IS-AT 6a:76:e5:4c:3e:45,1
215,10.21.0.18,10.21.0.5,6a:76:e5:4c:3e:45,82:fb:46:aa:c6:e3,10.21.0.18 IS-AT 6a:76:e5:4c:3e:45,1
216,10.21.0.18,10.21.0.5,6a:76:e5:4c:3e:45,82:fb:46:aa:c6:e3,10.21.0.18 IS-AT 6a:76:e5:4c:3e:45,1
217,10.21.0.18,10.21.0.5,6a:76:e5:4c:3e:45,82:fb:46:aa:c6:e3,10.21.0.18 IS-AT 6a:76:e5:4c:3e:45,1
218,10.21.0.18,10.21.0.5,6a:76:e5:4c:3e:45,82:fb:46:aa:c6:e3,10.21.0.18 IS-AT 6a:76:e5:4c:3e:45,1
219,10.21.0.18,10.21.0.5,6a:76:e5:4c:3e:45,82:fb:46:aa:c6:e3,10.21.0.18 IS-AT 6a:76:e5:4c:3e:45,1
220,10.21.0.18,10.21.0.5,6a:76:e5:4c:3e:45,82:fb:46:aa:c6:e3,10.21.0.18 IS-AT 6a:76:e5:4c:3e:45,1
221,10.21.0.18,10.21.0.5,6a:76:e5:4c:3e:45,82:fb:46:aa:c6:e3,10.21.0.18 IS-AT 6a:76:e5:4c:3e:45,1
222,10.21.0.18,10.21.0.5,6a:76:e5:4c:3e:45,82:fb:46:aa:c6:e3,10.21.0.18 IS-AT 6a:76:e5:4c:3e:45,1
223,10.21.0.18,10.21.0.5,6a:76:e5:4c:3e:45,82:fb:46:aa:c6:e3,10.21.0.18 IS-AT 6a:76:e5:4c:3e:45,1
224,10.21.0.18,10.21.0.5,6a:76:e5:4c:3e:45,82:fb:46:aa:c6:e3,10.21.0.18 IS-AT 6a:76:e5:4c:3e:45,1
225,10.21.0.18,10.21.0.5,6a:76:e5:4c:3e:45,82:fb:46:aa:c6:e3,10.21.0.18 IS-AT 6a:76:e5:4c:3e:45,1
226,10.21.0.18,10.21.0.5,6a:76:e5:4c:3e:45,82:fb:46:aa:c6:e3,10.21.0.18 IS-AT 6a:76:e5:4c:3e:45,1
227,10.21.0.18,10.21.0.5,6a:76:e5:4c:3e:45,82:fb:46:aa:c6:e3,10.21.0.18 IS-AT 6a:76:e5:4c:3e:45,1
228,10.21.0.18,10.21.0.5,6a:76:e5:4c:3e:45,82:fb:46:aa:c6:e3,10.21.0.18 IS-AT 6a:76:e5:4c:3e:45,1
229,10.21.0.18,10.21.0.5,6a:76:e5:4c:3e:45,82:fb:46:aa:c6:e3,10.21.0.18 IS-AT 6a:76:e5:4c:3e:45,1
230,10.21.0.18,10.21.0.5,6a:76:e5:4c:3e:45,82:fb:46:aa:c6:e3,10.21.0.18 IS-AT 6a:76:e5:4c:3e:45,1
231,10.21.0.18,10.21.0.5,6a:76:e5:4c:3e:45,82:fb:46:aa:c6:e3,10.21.0.18 IS-AT 6a:76:e5:4c:3e:45,1
232,10.21.0.18,10.21.0.5,6a:76:e5:4c:3e:45,82:fb:46:aa:c6:e3,10.21.0.18 IS-AT 6a:76:e5:4c:3e:45,1
233,10.21.0.18,10.21.0.5,6a:76:e5:4c:3e:45,82:fb:46:aa:c6:e3,10.21.0.18 IS-AT 6a:76:e5:4c:3e:45,1
234,10.21.0.18,10.21.0.5,ca:19:e5:3f:46:f3,ff:ff:ff:ff:ff:ff,WHO-HAS 10.21.0.5? TELL 10.21.0.18,0
235,10.21.0.5,10.21.0.18,82:fb:46:aa:c6:e3,ca:19:e5:3f:46:f3,10.21.0.5 IS-AT 82:fb:46:aa:c6:e3,0
236,10.21.0.18,10.21.0.5,ca:19:e5:3f:46:f3,82:fb:46:aa:c6:e3,10.21.0.18 IS-AT ca:19:e5:3f:46:f3,0
237,10.21.0.18,10.21.0.5,ca:19:e5:3f:46:f3,ff:ff:ff:ff:ff:ff,WHO-HAS 10.21.0.5? TELL 10.21.0.18,0
238,10.21.0.5,10.21.0.18,82:fb:46:aa:c6:e3,ca:19:e5:3f:46:f3,10.21.0.5 IS-AT 82:fb:46:aa:c6:e3,0
239,10.21.0.18,10.21.0.5,ca:19:e5:3f:46:f3,82:fb:46:aa:c6:e3,10.21.0.18 IS-AT ca:19:e5:3f:46:f3,0
240,10.21.0.18,10.21.0.5,ca:19:e5:3f:46:f3,ff:ff:ff:ff:ff:ff,WHO-HAS 10.21.0.5? TELL 10.21.0.18,0
241,10.21.0.5,10.21.0.18,82:fb:46:aa:c6:e3,ca:19:e5:3f:46:f3,10.21.0.5 IS-AT 82:fb:46:aa:c6:e3,0
242,10.21.0.18,10.21.0.5,ca:19:e5:3f:46:f3,82:fb:46:aa:c6:e3,10.21.0.18 IS-AT ca:19:e5:3f:46:f3,0
243,10.21.0.18,10.21.0.5,ca:19:e5:3f:46:f3,ff:ff:ff:ff:ff:ff,WHO-HAS 10.21.0.5? TELL 10.21.0.18,0
244,10.21.0.5,10.21.0.18,82:fb:46:aa:c6:e3,ca:19:e5:3f:46:f3,10.21.0.5 IS-AT 82:fb:46:aa:c6:e3,0
245,10.21.0.18,10.21.0.5,ca:19:e5:3f:46:f3,82:fb:46:aa:c6:e3,10.21.0.18 IS-AT ca:19:e5:3f:46:f3,0
246,10.21.0.18,10.21.0.5,ca:19:e5:3f:46:f3,ff:ff:ff:ff:ff:ff,WHO-HAS 10.21.0.5? TELL 10.21.0.18,0
247,10.21.0.5,10.21.0.18,82:fb:46:aa:c6:e3,ca:19:e5:3f:46:f3,10.21.0.5 IS-AT 82:fb:46:aa:c6:e3,0
248,10.21.0.18,10.21.0.5,ca:19:e5:3f:46:f3,82:fb:46:aa:c6:e3,10.21.0.18 IS-AT ca:19:e5:3f:46:f3,0
249,10.21.0.18,10.21.0.5,ca:19:e5:3f:46:f3,ff:ff:ff:ff:ff:ff,WHO-HAS 10.21.0.5? TELL 10.21.0.18,0
250,10.21.0.5,10.21.0.18,82:fb:46:aa:c6:e3,ca:19:e5:3f:46:f3,10.21.0.5 IS-AT 82:fb:46:aa:c6:e3,0
251,10.21.0.18,10.21.0.5,ca:19:e5:3f:46:f3,82:fb:46:aa:c6:e3,10.21.0.18 IS-AT ca:19:e5:3f:46:f3,0
252,10.21.0.18,10.21.0.5,ca:19:e5:3f:46:f3,ff:ff:ff:ff:ff:ff,WHO-HAS 10.21.0.5? TELL 10.21.0.18,0
253,10.21.0.5,10.21.0.18,82:fb:46:aa:c6:e3,ca:19:e5:3f:46:f3,10.21.0.5 IS-AT 82:fb:46:aa:c6:e3,0
254,10.21.0.18,10.21.0.5,ca:19:e5:3f:46:f3,82:fb:46:aa:c6:e3,10.21.0.18 IS-AT ca:19:e5:3f:46:f3,0
255,10.21.0.18,10.21.0.5,ca:19:e5:3f:46:f3,ff:ff:ff:ff:ff:ff,WHO-HAS 10.21.0.5? TELL 10.21.0.18,0
256,10.21.0.5,10.21.0.18,82:fb:46:aa:c6:e3,ca:19:e5:3f:46:f3,10.21.0.5 IS-AT 82:fb:46:aa:c6:e3,0
257,10.21.0.18,10.21.0.5,ca:19:e5:3f:46:f3,82:fb:46:aa:c6:e3,10.21.0.18 IS-AT ca:19:e5:3f:46:f3,0
258,10.21.0.18,10.21.0.5,ca:19:e5:3f:46:f3,ff:ff:ff:ff:ff:ff,WHO-HAS 10.21.0.5? TELL 10.21.0.18,0
259,10.21.0.5,10.21.0.18,82:fb:46:aa:c6:e3,ca:19:e5:3f:46:f3,10.21.0.5 IS-AT 82:fb:46:aa:c6:e3,0
260,10.21.0.18,10.21.0.5,ca:19:e5:3f:46:f3,82:fb:46:aa:c6:e3,10.21.0.18 IS-AT ca:19:e5:3f:46:f3,0
261,10.21.0.18,10.21.0.5,ca:19:e5:3f:46:f3,ff:ff:ff:ff:ff:ff,WHO-HAS 10.21.0.5? TELL 10.21.0.18,0
262,10.21.0.5,10.21.0.18,82:fb:46:aa:c6:e3,ca:19:e5:3f:46:f3,10.21.0.5 IS-AT 82:fb:46:aa:c6:e3,0
263,10.21.0.18,10.21.0.5,ca:19:e5:3f:46:f3,82:fb:46:aa:c6:e3,10.21.0.18 IS-AT ca:19:e5:3f:46:f3,0
264,10.21.0.18,10.21.0.5,ca:19:e5:3f:46:f3,ff:ff:ff:ff:ff:ff,WHO-HAS 10.21.0.5? TELL 10.21.0.18,0
265,10.21.0.5,10.21.0.18,82:fb:46:aa:c6:e3,ca:19:e5:3f:46:f3,10.21.0.5 IS-AT 82:fb:46:aa:c6:e3,0
266,10.21.0.18,10.21.0.5,ca:19:e5:3f:46:f3,82:fb:46:aa:c6:e3,10.21.0.18 IS-AT ca:19:e5:3f:46:f3,0
267,10.21.0.18,10.21.0.5,ca:19:e5:3f:46:f3,ff:ff:ff:ff:ff:ff,WHO-HAS 10.21.0.5? TELL 10.21.0.18,0
268,10.21.0.5,10.21.0.18,82:fb:46:aa:c6:e3,ca:19:e5:3f:46:f3,10.21.0.5 IS-AT 82:fb:46:aa:c6:e3,0
269,10.21.0.18,10.21.0.5,ca:19:e5:3f:46:f3,82:fb:46:aa:c6:e3,10.21.0.18 IS-AT ca:19:e5:3f:46:f3,0
270,10.21.0.18,10.21.0.5,ca:19:e5:3f:46:f3,ff:ff:ff:ff:ff:ff,WHO-HAS 10.21.0.5? TELL 10.21.0.18,0
271,10.21.0.5,10.21.0.18,82:fb:46:aa:c6:e3,ca:19:e5:3f:46:f3,10.21.0.5 IS-AT 82:fb:46:aa:c6:e3,0
272,10.21.0.18,10.21.0.5,ca:19:e5:3f:46:f3,82:fb:46:aa:c6:e3,10.21.0.18 IS-AT ca:19:e5:3f:46:f3,0
273,10.21.0.18,10.21.0.5,ca:19:e5:3f:46:f3,ff:ff:ff:ff:ff:ff,WHO-HAS 10.21.0.5? TELL 10.21.0.18,0
274,10.21.0.5,10.21.0.18,82:fb:46:aa:c6:e3,ca:19:e5:3f:46:f3,10.21.0.5 IS-AT 82:fb:46:aa:c6:e3,0
275,10.21.0.18,10.21.0.5,ca:19:e5:3f:46:f3,82:fb:46:aa:c6:e3,10.21.0.18 IS-AT ca:19:e5:3f:46:f3,0
276,10.21.0.18,10.21.0.5,ca:19:e5:3f:46:f3,ff:ff:ff:ff:ff:ff,WHO-HAS 10.21.0.5? TELL 10.21.0.18,0
277,10.21.0.5,10.21.0.18,82:fb:46:aa:c6:e3,ca:19:e5:3f:46:f3,10.21.0.5 IS-AT 82:fb:46:aa:c6:e3,0
278,10.21.0.18,10.21.0.5,ca:19:e5:3f:46:f3,82:fb:46:aa:c6:e3,10.21.0.18 IS-AT ca:19:e5:3f:46:f3,0
279,10.21.0.18,10.21.0.5,ca:19:e5:3f:46:f3,ff:ff:ff:ff:ff:ff,WHO-HAS 10.21.0.5? TELL 10.21.0.18,0
280,10.21.0.5,10.21.0.18,82:fb:46:aa:c6:e3,ca:19:e5:3f:46:f3,10.21.0.5 IS-AT 82:fb:46:aa:c6:e3,0
281,10.21.0.18,10.21.0.5,ca:19:e5:3f:46:f3,82:fb:46:aa:c6:e3,10.21.0.18 IS-AT ca:19:e5:3f:46:f3,0
282,10.21.0.18,10.21.0.5,ca:19:e5:3f:46:f3,ff:ff:ff:ff:ff:ff,WHO-HAS 10.21.0.5? TELL 10.21.0.18,0
283,10.21.0.5,10.21.0.18,82:fb:46:aa:c6:e3,ca:19:e5:3f:46:f3,10.21.0.5 IS-AT 82:fb:46:aa:c6:e3,0
284,10.21.0.18,10.21.0.5,ca:19:e5:3f:46:f3,82:fb:46:aa:c6:e3,10.21.0.18 IS-AT ca:19:e5:3f:46:f3,0
285,10.21.0.18,10.21.0.5,ca:19:e5:3f:46:f3,ff:ff:ff:ff:ff:ff,WHO-HAS 10.21.0.5? TELL 10.21.0.18,0
286,10.21.0.5,10.21.0.18,82:fb:46:aa:c6:e3,ca:19:e5:3f:46:f3,10.21.0.5 IS-AT 82:fb:46:aa:c6:e3,0
287,10.21.0.18,10.21.0.5,ca:19:e5:3f:46:f3,82:fb:46:aa:c6:e3,10.21.0.18 IS-AT ca:19:e5:3f:46:f3,0
288,10.21.0.18,10.21.0.5,ca:19:e5:3f:46:f3,ff:ff:ff:ff:ff:ff,WHO-HAS 10.21.0.5? TELL 10.21.0.18,0
289,10.21.0.5,10.21.0.18,82:fb:46:aa:c6:e3,ca:19:e5:3f:46:f3,10.21.0.5 IS-AT 82:fb:46:aa:c6:e3,0
290,10.21.0.18,10.21.0.5,ca:19:e5:3f:46:f3,82:fb:46:aa:c6:e3,10.21.0.18 IS-AT ca:19:e5:3f:46:f3,0
291,10.21.0.18,10.21.0.5,ca:19:e5:3f:46:f3,ff:ff:ff:ff:ff:ff,WHO-HAS 10.21.0.5? TELL 10.21.0.18,0
292,10.21.0.5,10.21.0.18,82:fb:46:aa:c6:e3,ca:19:e5:3f:46:f3,10.21.0.5 IS-AT 82:fb:46:aa:c6:e3,0
293,10.21.0.18,10.21.0.5,ca:19:e5:3f:46:f3,82:fb:46:aa:c6:e3,10.21.0.18 IS-AT ca:19:e5:3f:46:f3,0
294,10.21.0.18,10.21.0.5,ca:19:e5:3f:46:f3,ff:ff:ff:ff:ff:ff,WHO-HAS 10.21.0.5? TELL 10.21.0.18,0
295,10.21.0.5,10.21.0.18,82:fb:46:aa:c6:e3,ca:19:e5:3f:46:f3,10.21.0.5 IS-AT 82:fb:46:aa:c6:e3,0
296,10.21.0.18,10.21.0.5,ca:19:e5:3f:46:f3,82:fb:46:aa:c6:e3,10.21.0.18 IS-AT ca:19:e5:3f:46:f3,0
297,10.21.0.18,10.21.0.5,ca:19:e5:3f:46:f3,ff:ff:ff:ff:ff:ff,WHO-HAS 10.21.0.5? TELL 10.21.0.18,0
298,10.21.0.5,10.21.0.18,82:fb:46:aa:c6:e3,ca:19:e5:3f:46:f3,10.21.0.5 IS-AT 82:fb:46:aa:c6:e3,0
299,10.21.0.18,10.21.0.5,ca:19:e5:3f:46:f3,82:fb:46:aa:c6:e3,10.21.0.18 IS-AT ca:19:e5:3f:46:f3,0
300,10.21.0.18,10.21.0.5,ca:19:e5:3f:46:f3,ff:ff:ff:ff:ff:ff,WHO-HAS 10.21.0.5? TELL 10.21.0.18,0
301,10.21.0.5,10.21.0.18,82:fb:46:aa:c6:e3,ca:19:e5:3f:46:f3,10.21.0.5 IS-AT 82:fb:46:aa:c6:e3,0
302,10.21.0.18,10.21.0.5,ca:19:e5:3f:46:f3,82:fb:46:aa:c6:e3,10.21.0.18 IS-AT ca:19:e5:3f:46:f3,0
303,10.21.0.18,10.21.0.5,ca:19:e5:3f:46:f3,ff:ff:ff:ff:ff:ff,WHO-HAS 10.21.0.5? TELL 10.21.0.18,0
304,10.21.0.5,10.21.0.18,82:fb:46:aa:c6:e3,ca:19:e5:3f:46:f3,10.21.0.5 IS-AT 82:fb:46:aa:c6:e3,0
305,10.21.0.18,10.21.0.5,ca:19:e5:3f:46:f3,82:fb:46:aa:c6:e3,10.21.0.18 IS-AT ca:19:e5:3f:46:f3,0
306,10.21.0.18,10.21.0.5,ca:19:e5:3f:46:f3,ff:ff:ff:ff:ff:ff,WHO-HAS 10.21.0.5? TELL 10.21.0.18,0
307,10.21.0.5,10.21.0.18,82:fb:46:aa:c6:e3,ca:19:e5:3f:46:f3,10.21.0.5 IS-AT 82:fb:46:aa:c6:e3,0
308,10.21.0.18,10.21.0.5,ca:19:e5:3f:46:f3,82:fb:46:aa:c6:e3,10.21.0.18 IS-AT ca:19:e5:3f:46:f3,0
309,10.21.0.18,10.21.0.5,ca:19:e5:3f:46:f3,ff:ff:ff:ff:ff:ff,WHO-HAS 10.21.0.5? TELL 10.21.0.18,0
310,10.21.0.5,10.21.0.18,82:fb:46:aa:c6:e3,ca:19:e5:3f:46:f3,10.21.0.5 IS-AT 82:fb:46:aa:c6:e3,0
311,10.21.0.18,10.21.0.5,ca:19:e5:3f:46:f3,82:fb:46:aa:c6:e3,10.21.0.18 IS-AT ca:19:e5:3f:46:f3,0
312,10.21.0.18,10.21.0.5,ca:19:e5:3f:46:f3,ff:ff:ff:ff:ff:ff,WHO-HAS 10.21.0.5? TELL 10.21.0.18,0
313,10.21.0.5,10.21.0.18,82:fb:46:aa:c6:e3,ca:19:e5:3f:46:f3,10.21.0.5 IS-AT 82:fb:46:aa:c6:e3,0
314,10.21.0.18,10.21.0.5,ca:19:e5:3f:46:f3,82:fb:46:aa:c6:e3,10.21.0.18 IS-AT ca:19:e5:3f:46:f3,0
315,10.21.0.18,10.21.0.5,ca:19:e5:3f:46:f3,ff:ff:ff:ff:ff:ff,WHO-HAS 10.21.0.5? TELL 10.21.0.18,0
316,10.21.0.5,10.21.0.18,82:fb:46:aa:c6:e3,ca:19:e5:3f:46:f3,10.21.0.5 IS-AT 82:fb:46:aa:c6:e3,0
317,10.21.0.18,10.21.0.5,ca:19:e5:3f:46:f3,82:fb:46:aa:c6:e3,10.21.0.18 IS-AT ca:19:e5:3f:46:f3,0
318,10.21.0.18,10.21.0.5,ca:19:e5:3f:46:f3,ff:ff:ff:ff:ff:ff,WHO-HAS 10.21.0.5? TELL 10.21.0.18,0
319,10.21.0.5,10.21.0.18,82:fb:46:aa:c6:e3,ca:19:e5:3f:46:f3,10.21.0.5 IS-AT 82:fb:46:aa:c6:e3,0
320,10.21.0.18,10.21.0.5,ca:19:e5:3f:46:f3,82:fb:46:aa:c6:e3,10.21.0.18 IS-AT ca:19:e5:3f:46:f3,0
321,10.21.0.18,10.21.0.5,ca:19:e5:3f:46:f3,ff:ff:ff:ff:ff:ff,WHO-HAS 10.21.0.5? TELL 10.21.0.18,0
322,10.21.0.5,10.21.0.18,82:fb:46:aa:c6:e3,ca:19:e5:3f:46:f3,10.21.0.5 IS-AT 82:fb:46:aa:c6:e3,0
323,10.21.0.18,10.21.0.5,ca:19:e5:3f:46:f3,82:fb:46:aa:c6:e3,10.21.0.18 IS-AT ca:19:e5:3f:46:f3,0
324,10.21.0.18,10.21.0.5,ca:19:e5:3f:46:f3,ff:ff:ff:ff:ff:ff,WHO-HAS 10.21.0.5? TELL 10.21.0.18,0
325,10.21.0.5,10.21.0.18,82:fb:46:aa:c6:e3,ca:19:e5:3f:46:f3,10.21.0.5 IS-AT 82:fb:46:aa:c6:e3,0
326,10.21.0.18,10.21.0.5,ca:19:e5:3f:46:f3,82:fb:46:aa:c6:e3,10.21.0.18 IS-AT ca:19:e5:3f:46:f3,0
327,10.21.0.18,10.21.0.5,ca:19:e5:3f:46:f3,ff:ff:ff:ff:ff:ff,WHO-HAS 10.21.0.5? TELL 10.21.0.18,0
328,10.21.0.5,10.21.0.18,82:fb:46:aa:c6:e3,ca:19:e5:3f:46:f3,10.21.0.5 IS-AT 82:fb:46:aa:c6:e3,0
329,10.21.0.18,10.21.0.5,ca:19:e5:3f:46:f3,82:fb:46:aa:c6:e3,10.21.0.18 IS-AT ca:19:e5:3f:46:f3,0
330,10.21.0.18,10.21.0.5,ca:19:e5:3f:46:f3,ff:ff:ff:ff:ff:ff,WHO-HAS 10.21.0.5? TELL 10.21.0.18,0
331,10.21.0.5,10.21.0.18,82:fb:46:aa:c6:e3,ca:19:e5:3f:46:f3,10.21.0.5 IS-AT 82:fb:46:aa:c6:e3,0
332,10.21.0.18,10.21.0.5,ca:19:e5:3f:46:f3,82:fb:46:aa:c6:e3,10.21.0.18 IS-AT ca:19:e5:3f:46:f3,0
333,10.21.0.18,10.21.0.5,ca:19:e5:3f:46:f3,ff:ff:ff:ff:ff:ff,WHO-HAS 10.21.0.5? TELL 10.21.0.18,0
334,10.21.0.5,10.21.0.18,82:fb:46:aa:c6:e3,ca:19:e5:3f:46:f3,10.21.0.5 IS-AT 82:fb:46:aa:c6:e3,0
335,10.21.0.18,10.21.0.5,ca:19:e5:3f:46:f3,82:fb:46:aa:c6:e3,10.21.0.18 IS-AT ca:19:e5:3f:46:f3,0
336,10.21.0.18,10.21.0.5,ca:19:e5:3f:46:f3,ff:ff:ff:ff:ff:ff,WHO-HAS 10.21.0.5? TELL 10.21.0.18,0
337,10.21.0.5,10.21.0.18,82:fb:46:aa:c6:e3,ca:19:e5:3f:46:f3,10.21.0.5 IS-AT 82:fb:46:aa:c6:e3,0
338,10.21.0.18,10.21.0.5,ca:19:e5:3f:46:f3,82:fb:46:aa:c6:e3,10.21.0.18 IS-AT ca:19:e5:3f:46:f3,0
339,10.21.0.18,10.21.0.5,ca:19:e5:3f:46:f3,ff:ff:ff:ff:ff:ff,WHO-HAS 10.21.0.5? TELL 10.21.0.18,0
340,10.21.0.5,10.21.0.18,82:fb:46:aa:c6:e3,ca:19:e5:3f:46:f3,10.21.0.5 IS-AT 82:fb:46:aa:c6:e3,0
341,10.21.0.18,10.21.0.5,ca:19:e5:3f:46:f3,82:fb:46:aa:c6:e3,10.21.0.18 IS-AT ca:19:e5:3f:46:f3,0
342,10.21.0.18,10.21.0.5,ca:19:e5:3f:46:f3,ff:ff:ff:ff:ff:ff,WHO-HAS 10.21.0.5? TELL 10.21.0.18,0
343,10.21.0.5,10.21.0.18,82:fb:46:aa:c6:e3,ca:19:e5:3f:46:f3,10.21.0.5 IS-AT 82:fb:46:aa:c6:e3,0
344,10.21.0.18,10.21.0.5,ca:19:e5:3f:46:f3,82:fb:46:aa:c6:e3,10.21.0.18 IS-AT ca:19:e5:3f:46:f3,0
345,10.21.0.18,10.21.0.5,ca:19:e5:3f:46:f3,ff:ff:ff:ff:ff:ff,WHO-HAS 10.21.0.5? TELL 10.21.0.18,0
346,10.21.0.5,10.21.0.18,82:fb:46:aa:c6:e3,ca:19:e5:3f:46:f3,10.21.0.5 IS-AT 82:fb:46:aa:c6:e3,0
347,10.21.0.18,10.21.0.5,ca:19:e5:3f:46:f3,82:fb:46:aa:c6:e3,10.21.0.18 IS-AT ca:19:e5:3f:46:f3,0
348,10.21.0.18,10.21.0.5,ca:19:e5:3f:46:f3,ff:ff:ff:ff:ff:ff,WHO-HAS 10.21.0.5? TELL 10.21.0.18,0
349,10.21.0.5,10.21.0.18,82:fb:46:aa:c6:e3,ca:19:e5:3f:46:f3,10.21.0.5 IS-AT 82:fb:46:aa:c6:e3,0
350,10.21.0.18,10.21.0.5,ca:19:e5:3f:46:f3,82:fb:46:aa:c6:e3,10.21.0.18 IS-AT ca:19:e5:3f:46:f3,0
351,10.21.0.18,10.21.0.5,ca:19:e5:3f:46:f3,ff:ff:ff:ff:ff:ff,WHO-HAS 10.21.0.5? TELL 10.21.0.18,0
352,10.21.0.5,10.21.0.18,82:fb:46:aa:c6:e3,ca:19:e5:3f:46:f3,10.21.0.5 IS-AT 82:fb:46:aa:c6:e3,0
353,10.21.0.18,10.21.0.5,ca:19:e5:3f:46:f3,82:fb:46:aa:c6:e3,10.21.0.18 IS-AT ca:19:e5:3f:46:f3,0
354,10.21.0.18,10.21.0.5,ca:19:e5:3f:46:f3,ff:ff:ff:ff:ff:ff,WHO-HAS 10.21.0.5? TELL 10.21.0.18,0
355,10.21.0.5,10.21.0.18,82:fb:46:aa:c6:e3,ca:19:e5:3f:46:f3,10.21.0.5 IS-AT 82:fb:46:aa:c6:e3,0
356,10.21.0.18,10.21.0.5,ca:19:e5:3f:46:f3,82:fb:46:aa:c6:e3,10.21.0.18 IS-AT ca:19:e5:3f:46:f3,0
357,10.21.0.18,10.21.0.5,ca:19:e5:3f:46:f3,ff:ff:ff:ff:ff:ff,WHO-HAS 10.21.0.5? TELL 10.21.0.18,0
358,10.21.0.5,10.21.0.18,82:fb:46:aa:c6:e3,ca:19:e5:3f:46:f3,10.21.0.5 IS-AT 82:fb:46:aa:c6:e3,0
359,10.21.0.18,10.21.0.5,ca:19:e5:3f:46:f3,82:fb:46:aa:c6:e3,10.21.0.18 IS-AT ca:19:e5:3f:46:f3,0
360,10.21.0.18,10.21.0.5,ca:19:e5:3f:46:f3,ff:ff:ff:ff:ff:ff,WHO-HAS 10.21.0.5? TELL 10.21.0.18,0
361,10.21.0.5,10.21.0.18,82:fb:46:aa:c6:e3,ca:19:e5:3f:46:f3,10.21.0.5 IS-AT 82:fb:46:aa:c6:e3,0
362,10.21.0.18,10.21.0.5,ca:19:e5:3f:46:f3,82:fb:46:aa:c6:e3,10.21.0.18 IS-AT ca:19:e5:3f:46:f3,0
363,10.21.0.18,10.21.0.5,ca:19:e5:3f:46:f3,ff:ff:ff:ff:ff:ff,WHO-HAS 10.21.0.5? TELL 10.21.0.18,0
364,10.21.0.5,10.21.0.18,82:fb:46:aa:c6:e3,ca:19:e5:3f:46:f3,10.21.0.5 IS-AT 82:fb:46:aa:c6:e3,0
365,10.21.0.18,10.21.0.5,ca:19:e5:3f:46:f3,82:fb:46:aa:c6:e3,10.21.0.18 IS-AT ca:19:e5:3f:46:f3,0
366,10.21.0.18,10.21.0.5,ca:19:e5:3f:46:f3,ff:ff:ff:ff:ff:ff,WHO-HAS 10.21.0.5? TELL 10.21.0.18,0
367,10.21.0.5,10.21.0.18,82:fb:46:aa:c6:e3,ca:19:e5:3f:46:f3,10.21.0.5 IS-AT 82:fb:46:aa:c6:e3,0
368,10.21.0.18,10.21.0.5,ca:19:e5:3f:46:f3,82:fb:46:aa:c6:e3,10.21.0.18 IS-AT ca:19:e5:3f:46:f3,0
369,10.21.0.18,10.21.0.5,ca:19:e5:3f:46:f3,ff:ff:ff:ff:ff:ff,WHO-HAS 10.21.0.5? TELL 10.21.0.18,0
370,10.21.0.5,10.21.0.18,82:fb:46:aa:c6:e3,ca:19:e5:3f:46:f3,10.21.0.5 IS-AT 82:fb:46:aa:c6:e3,0
371,10.21.0.18,10.21.0.5,ca:19:e5:3f:46:f3,82:fb:46:aa:c6:e3,10.21.0.18 IS-AT ca:19:e5:3f:46:f3,0
372,10.21.0.18,10.21.0.5,ca:19:e5:3f:46:f3,ff:ff:ff:ff:ff:ff,WHO-HAS 10.21.0.5? TELL 10.21.0.18,0
373,10.21.0.5,10.21.0.18,82:fb:46:aa:c6:e3,ca:19:e5:3f:46:f3,10.21.0.5 IS-AT 82:fb:46:aa:c6:e3,0
374,10.21.0.18,10.21.0.5,ca:19:e5:3f:46:f3,82:fb:46:aa:c6:e3,10.21.0.18 IS-AT ca:19:e5:3f:46:f3,0
375,10.21.0.18,10.21.0.5,ca:19:e5:3f:46:f3,ff:ff:ff:ff:ff:ff,WHO-HAS 10.21.0.5? TELL 10.21.0.18,0
376,10.21.0.5,10.21.0.18,82:fb:46:aa:c6:e3,ca:19:e5:3f:46:f3,10.21.0.5 IS-AT 82:fb:46:aa:c6:e3,0
377,10.21.0.18,10.21.0.5,ca:19:e5:3f:46:f3,82:fb:46:aa:c6:e3,10.21.0.18 IS-AT ca:19:e5:3f:46:f3,0
378,10.21.0.18,10.21.0.5,ca:19:e5:3f:46:f3,ff:ff:ff:ff:ff:ff,WHO-HAS 10.21.0.5? TELL 10.21.0.18,0
379,10.21.0.5,10.21.0.18,82:fb:46:aa:c6:e3,ca:19:e5:3f:46:f3,10.21.0.5 IS-AT 82:fb:46:aa:c6:e3,0
380,10.21.0.18,10.21.0.5,ca:19:e5:3f:46:f3,82:fb:46:aa:c6:e3,10.21.0.18 IS-AT ca:19:e5:3f:46:f3,0
381,10.21.0.18,10.21.0.5,ca:19:e5:3f:46:f3,ff:ff:ff:ff:ff:ff,WHO-HAS 10.21.0.5? TELL 10.21.0.18,0
382,10.21.0.5,10.21.0.18,82:fb:46:aa:c6:e3,ca:19:e5:3f:46:f3,10.21.0.5 IS-AT 82:fb:46:aa:c6:e3,0
383,10.21.0.18,10.21.0.5,ca:19:e5:3f:46:f3,82:fb:46:aa:c6:e3,10.21.0.18 IS-AT ca:19:e5:3f:46:f3,0
384,10.21.0.18,10.21.0.5,ca:19:e5:3f:46:f3,ff:ff:ff:ff:ff:ff,WHO-HAS 10.21.0.5? TELL 10.21.0.18,0
385,10.21.0.5,10.21.0.18,82:fb:46:aa:c6:e3,ca:19:e5:3f:46:f3,10.21.0.5 IS-AT 82:fb:46:aa:c6:e3,0
386,10.21.0.18,10.21.0.5,ca:19:e5:3f:46:f3,82:fb:46:aa:c6:e3,10.21.0.18 IS-AT ca:19:e5:3f:46:f3,0
387,10.21.0.18,10.21.0.5,ca:19:e5:3f:46:f3,ff:ff:ff:ff:ff:ff,WHO-HAS 10.21.0.5? TELL 10.21.0.18,0
388,10.21.0.5,10.21.0.18,82:fb:46:aa:c6:e3,ca:19:e5:3f:46:f3,10.21.0.5 IS-AT 82:fb:46:aa:c6:e3,0
389,10.21.0.18,10.21.0.5,ca:19:e5:3f:46:f3,82:fb:46:aa:c6:e3,10.21.0.18 IS-AT ca:19:e5:3f:46:f3,0
390,10.21.0.18,10.21.0.5,ca:19:e5:3f:46:f3,ff:ff:ff:ff:ff:ff,WHO-HAS 10.21.0.5? TELL 10.21.0.18,0
391,10.21.0.5,10.21.0.18,82:fb:46:aa:c6:e3,ca:19:e5:3f:46:f3,10.21.0.5 IS-AT 82:fb:46:aa:c6:e3,0
392,10.21.0.18,10.21.0.5,ca:19:e5:3f:46:f3,82:fb:46:aa:c6:e3,10.21.0.18 IS-AT ca:19:e5:3f:46:f3,0
393,10.21.0.18,10.21.0.5,ca:19:e5:3f:46:f3,ff:ff:ff:ff:ff:ff,WHO-HAS 10.21.0.5? TELL 10.21.0.18,0
394,10.21.0.5,10.21.0.18,82:fb:46:aa:c6:e3,ca:19:e5:3f:46:f3,10.21.0.5 IS-AT 82:fb:46:aa:c6:e3,0
395,10.21.0.18,10.21.0.5,ca:19:e5:3f:46:f3,82:fb:46:aa:c6:e3,10.21.0.18 IS-AT ca:19:e5:3f:46:f3,0
396,10.21.0.18,10.21.0.5,ca:19:e5:3f:46:f3,ff:ff:ff:ff:ff:ff,WHO-HAS 10.21.0.5? TELL 10.21.0.18,0
397,10.21.0.5,10.21.0.18,82:fb:46:aa:c6:e3,ca:19:e5:3f:46:f3,10.21.0.5 IS-AT 82:fb:46:aa:c6:e3,0
398,10.21.0.18,10.21.0.5,ca:19:e5:3f:46:f3,82:fb:46:aa:c6:e3,10.21.0.18 IS-AT ca:19:e5:3f:46:f3,0
399,10.21.0.18,10.21.0.5,ca:19:e5:3f:46:f3,ff:ff:ff:ff:ff:ff,WHO-HAS 10.21.0.5? TELL 10.21.0.18,0
400,10.21.0.5,10.21.0.18,82:fb:46:aa:c6:e3,ca:19:e5:3f:46:f3,10.21.0.5 IS-AT 82:fb:46:aa:c6:e3,0
401,10.21.0.18,10.21.0.5,ca:19:e5:3f:46:f3,82:fb:46:aa:c6:e3,10.21.0.18 IS-AT ca:19:e5:3f:46:f3,0
402,10.21.0.18,10.21.0.5,ca:19:e5:3f:46:f3,ff:ff:ff:ff:ff:ff,WHO-HAS 10.21.0.5? TELL 10.21.0.18,0
403,10.21.0.5,10.21.0.18,82:fb:46:aa:c6:e3,ca:19:e5:3f:46:f3,10.21.0.5 IS-AT 82:fb:46:aa:c6:e3,0
404,10.21.0.18,10.21.0.5,ca:19:e5:3f:46:f3,82:fb:46:aa:c6:e3,10.21.0.18 IS-AT ca:19:e5:3f:46:f3,0
405,10.21.0.18,10.21.0.5,ca:19:e5:3f:46:f3,ff:ff:ff:ff:ff:ff,WHO-HAS 10.21.0.5? TELL 10.21.0.18,0
406,10.21.0.5,10.21.0.18,82:fb:46:aa:c6:e3,ca:19:e5:3f:46:f3,10.21.0.5 IS-AT 82:fb:46:aa:c6:e3,0
407,10.21.0.18,10.21.0.5,ca:19:e5:3f:46:f3,82:fb:46:aa:c6:e3,10.21.0.18 IS-AT ca:19:e5:3f:46:f3,0
408,10.21.0.18,10.21.0.5,ca:19:e5:3f:46:f3,ff:ff:ff:ff:ff:ff,WHO-HAS 10.21.0.5? TELL 10.21.0.18,0
409,10.21.0.5,10.21.0.18,82:fb:46:aa:c6:e3,ca:19:e5:3f:46:f3,10.21.0.5 IS-AT 82:fb:46:aa:c6:e3,0
410,10.21.0.18,10.21.0.5,ca:19:e5:3f:46:f3,82:fb:46:aa:c6:e3,10.21.0.18 IS-AT ca:19:e5:3f:46:f3,0
411,10.21.0.18,10.21.0.5,ca:19:e5:3f:46:f3,ff:ff:ff:ff:ff:ff,WHO-HAS 10.21.0.5? TELL 10.21.0.18,0
412,10.21.0.5,10.21.0.18,82:fb:46:aa:c6:e3,ca:19:e5:3f:46:f3,10.21.0.5 IS-AT 82:fb:46:aa:c6:e3,0
413,10.21.0.18,10.21.0.5,ca:19:e5:3f:46:f3,82:fb:46:aa:c6:e3,10.21.0.18 IS-AT ca:19:e5:3f:46:f3,0
414,10.21.0.18,10.21.0.5,ca:19:e5:3f:46:f3,ff:ff:ff:ff:ff:ff,WHO-HAS 10.21.0.5? TELL 10.21.0.18,0
415,10.21.0.5,10.21.0.18,82:fb:46:aa:c6:e3,ca:19:e5:3f:46:f3,10.21.0.5 IS-AT 82:fb:46:aa:c6:e3,0
416,10.21.0.18,10.21.0.5,ca:19:e5:3f:46:f3,82:fb:46:aa:c6:e3,10.21.0.18 IS-AT ca:19:e5:3f:46:f3,0
417,10.21.0.18,10.21.0.5,ca:19:e5:3f:46:f3,ff:ff:ff:ff:ff:ff,WHO-HAS 10.21.0.5? TELL 10.21.0.18,0
418,10.21.0.5,10.21.0.18,82:fb:46:aa:c6:e3,ca:19:e5:3f:46:f3,10.21.0.5 IS-AT 82:fb:46:aa:c6:e3,0
419,10.21.0.18,10.21.0.5,ca:19:e5:3f:46:f3,82:fb:46:aa:c6:e3,10.21.0.18 IS-AT ca:19:e5:3f:46:f3,0
420,10.21.0.18,10.21.0.5,ca:19:e5:3f:46:f3,ff:ff:ff:ff:ff:ff,WHO-HAS 10.21.0.5? TELL 10.21.0.18,0
421,10.21.0.5,10.21.0.18,82:fb:46:aa:c6:e3,ca:19:e5:3f:46:f3,10.21.0.5 IS-AT 82:fb:46:aa:c6:e3,0
422,10.21.0.18,10.21.0.5,ca:19:e5:3f:46:f3,82:fb:46:aa:c6:e3,10.21.0.18 IS-AT ca:19:e5:3f:46:f3,0
423,10.21.0.18,10.21.0.5,ca:19:e5:3f:46:f3,ff:ff:ff:ff:ff:ff,WHO-HAS 10.21.0.5? TELL 10.21.0.18,0
424,10.21.0.5,10.21.0.18,82:fb:46:aa:c6:e3,ca:19:e5:3f:46:f3,10.21.0.5 IS-AT 82:fb:46:aa:c6:e3,0
425,10.21.0.18,10.21.0.5,ca:19:e5:3f:46:f3,82:fb:46:aa:c6:e3,10.21.0.18 IS-AT ca:19:e5:3f:46:f3,0
426,10.21.0.18,10.21.0.5,ca:19:e5:3f:46:f3,ff:ff:ff:ff:ff:ff,WHO-HAS 10.21.0.5? TELL 10.21.0.18,0
427,10.21.0.5,10.21.0.18,82:fb:46:aa:c6:e3,ca:19:e5:3f:46:f3,10.21.0.5 IS-AT 82:fb:46:aa:c6:e3,0
428,10.21.0.18,10.21.0.5,ca:19:e5:3f:46:f3,82:fb:46:aa:c6:e3,10.21.0.18 IS-AT ca:19:e5:3f:46:f3,0
429,10.21.0.18,10.21.0.5,ca:19:e5:3f:46:f3,ff:ff:ff:ff:ff:ff,WHO-HAS 10.21.0.5? TELL 10.21.0.18,0
430,10.21.0.5,10.21.0.18,82:fb:46:aa:c6:e3,ca:19:e5:3f:46:f3,10.21.0.5 IS-AT 82:fb:46:aa:c6:e3,0
431,10.21.0.18,10.21.0.5,ca:19:e5:3f:46:f3,82:fb:46:aa:c6:e3,10.21.0.18 IS-AT ca:19:e5:3f:46:f3,0
432,10.21.0.18,10.21.0.5,ca:19:e5:3f:46:f3,ff:ff:ff:ff:ff:ff,WHO-HAS 10.21.0.5? TELL 10.21.0.18,0
433,10.21.0.5,10.21.0.18,82:fb:46:aa:c6:e3,ca:19:e5:3f:46:f3,10.21.0.5 IS-AT 82:fb:46:aa:c6:e3,0
434,10.21.0.18,10.21.0.5,ca:19:e5:3f:46:f3,82:fb:46:aa:c6:e3,10.21.0.18 IS-AT ca:19:e5:3f:46:f3,0
435,10.21.0.18,10.21.0.5,ca:19:e5:3f:46:f3,ff:ff:ff:ff:ff:ff,WHO-HAS 10.21.0.5? TELL 10.21.0.18,0
436,10.21.0.5,10.21.0.18,82:fb:46:aa:c6:e3,ca:19:e5:3f:46:f3,10.21.0.5 IS-AT 82:fb:46:aa:c6:e3,0
437,10.21.0.18,10.21.0.5,ca:19:e5:3f:46:f3,82:fb:46:aa:c6:e3,10.21.0.18 IS-AT ca:19:e5:3f:46:f3,0
438,10.21.0.18,10.21.0.5,ca:19:e5:3f:46:f3,ff:ff:ff:ff:ff:ff,WHO-HAS 10.21.0.5? TELL 10.21.0.18,0
439,10.21.0.5,10.21.0.18,82:fb:46:aa:c6:e3,ca:19:e5:3f:46:f3,10.21.0.5 IS-AT 82:fb:46:aa:c6:e3,0
440,10.21.0.18,10.21.0.5,ca:19:e5:3f:46:f3,82:fb:46:aa:c6:e3,10.21.0.18 IS-AT ca:19:e5:3f:46:f3,0
441,10.21.0.18,10.21.0.5,ca:19:e5:3f:46:f3,ff:ff:ff:ff:ff:ff,WHO-HAS 10.21.0.5? TELL 10.21.0.18,0
442,10.21.0.5,10.21.0.18,82:fb:46:aa:c6:e3,ca:19:e5:3f:46:f3,10.21.0.5 IS-AT 82:fb:46:aa:c6:e3,0
443,10.21.0.18,10.21.0.5,ca:19:e5:3f:46:f3,82:fb:46:aa:c6:e3,10.21.0.18 IS-AT ca:19:e5:3f:46:f3,0
444,10.21.0.18,10.21.0.5,ca:19:e5:3f:46:f3,ff:ff:ff:ff:ff:ff,WHO-HAS 10.21.0.5? TELL 10.21.0.18,0
445,10.21.0.5,10.21.0.18,82:fb:46:aa:c6:e3,ca:19:e5:3f:46:f3,10.21.0.5 IS-AT 82:fb:46:aa:c6:e3,0
446,10.21.0.18,10.21.0.5,ca:19:e5:3f:46:f3,82:fb:46:aa:c6:e3,10.21.0.18 IS-AT ca:19:e5:3f:46:f3,0
447,10.21.0.18,10.21.0.5,ca:19:e5:3f:46:f3,ff:ff:ff:ff:ff:ff,WHO-HAS 10.21.0.5? TELL 10.21.0.18,0
448,10.21.0.5,10.21.0.18,82:fb:46:aa:c6:e3,ca:19:e5:3f:46:f3,10.21.0.5 IS-AT 82:fb:46:aa:c6:e3,0
449,10.21.0.18,10.21.0.5,ca:19:e5:3f:46:f3,82:fb:46:aa:c6:e3,10.21.0.18 IS-AT ca:19:e5:3f:46:f3,0
450,10.21.0.18,10.21.0.5,ca:19:e5:3f:46:f3,ff:ff:ff:ff:ff:ff,WHO-HAS 10.21.0.5? TELL 10.21.0.18,0
451,10.21.0.5,10.21.0.18,82:fb:46:aa:c6:e3,ca:19:e5:3f:46:f3,10.21.0.5 IS-AT 82:fb:46:aa:c6:e3,0
452,10.21.0.18,10.21.0.5,ca:19:e5:3f:46:f3,82:fb:46:aa:c6:e3,10.21.0.18 IS-AT ca:19:e5:3f:46:f3,0
453,10.21.0.18,10.21.0.5,ca:19:e5:3f:46:f3,ff:ff:ff:ff:ff:ff,WHO-HAS 10.21.0.5? TELL 10.21.0.18,0
454,10.21.0.5,10.21.0.18,82:fb:46:aa:c6:e3,ca:19:e5:3f:46:f3,10.21.0.5 IS-AT 82:fb:46:aa:c6:e3,0
455,10.21.0.18,10.21.0.5,ca:19:e5:3f:46:f3,82:fb:46:aa:c6:e3,10.21.0.18 IS-AT ca:19:e5:3f:46:f3,0
456,10.21.0.18,10.21.0.5,ca:19:e5:3f:46:f3,ff:ff:ff:ff:ff:ff,WHO-HAS 10.21.0.5? TELL 10.21.0.18,0
457,10.21.0.5,10.21.0.18,82:fb:46:aa:c6:e3,ca:19:e5:3f:46:f3,10.21.0.5 IS-AT 82:fb:46:aa:c6:e3,0
458,10.21.0.18,10.21.0.5,ca:19:e5:3f:46:f3,82:fb:46:aa:c6:e3,10.21.0.18 IS-AT ca:19:e5:3f:46:f3,0
459,10.21.0.18,10.21.0.5,ca:19:e5:3f:46:f3,ff:ff:ff:ff:ff:ff,WHO-HAS 10.21.0.5? TELL 10.21.0.18,0
460,10.21.0.5,10.21.0.18,82:fb:46:aa:c6:e3,ca:19:e5:3f:46:f3,10.21.0.5 IS-AT 82:fb:46:aa:c6:e3,0
461,10.21.0.18,10.21.0.5,ca:19:e5:3f:46:f3,82:fb:46:aa:c6:e3,10.21.0.18 IS-AT ca:19:e5:3f:46:f3,0
462,10.21.0.18,10.21.0.5,ca:19:e5:3f:46:f3,ff:ff:ff:ff:ff:ff,WHO-HAS 10.21.0.5? TELL 10.21.0.18,0
463,10.21.0.5,10.21.0.18,82:fb:46:aa:c6:e3,ca:19:e5:3f:46:f3,10.21.0.5 IS-AT 82:fb:46:aa:c6:e3,0
464,10.21.0.18,10.21.0.5,ca:19:e5:3f:46:f3,82:fb:46:aa:c6:e3,10.21.0.18 IS-AT ca:19:e5:3f:46:f3,0
465,10.21.0.18,10.21.0.5,ca:19:e5:3f:46:f3,ff:ff:ff:ff:ff:ff,WHO-HAS 10.21.0.5? TELL 10.21.0.18,0
466,10.21.0.5,10.21.0.18,82:fb:46:aa:c6:e3,ca:19:e5:3f:46:f3,10.21.0.5 IS-AT 82:fb:46:aa:c6:e3,0
467,10.21.0.18,10.21.0.5,ca:19:e5:3f:46:f3,82:fb:46:aa:c6:e3,10.21.0.18 IS-AT ca:19:e5:3f:46:f3,0
468,10.21.0.18,10.21.0.5,ca:19:e5:3f:46:f3,ff:ff:ff:ff:ff:ff,WHO-HAS 10.21.0.5? TELL 10.21.0.18,0
469,10.21.0.5,10.21.0.18,82:fb:46:aa:c6:e3,ca:19:e5:3f:46:f3,10.21.0.5 IS-AT 82:fb:46:aa:c6:e3,0
470,10.21.0.18,10.21.0.5,ca:19:e5:3f:46:f3,82:fb:46:aa:c6:e3,10.21.0.18 IS-AT ca:19:e5:3f:46:f3,0
471,10.21.0.18,10.21.0.5,ca:19:e5:3f:46:f3,ff:ff:ff:ff:ff:ff,WHO-HAS 10.21.0.5? TELL 10.21.0.18,0
472,10.21.0.5,10.21.0.18,82:fb:46:aa:c6:e3,ca:19:e5:3f:46:f3,10.21.0.5 IS-AT 82:fb:46:aa:c6:e3,0
473,10.21.0.18,10.21.0.5,ca:19:e5:3f:46:f3,82:fb:46:aa:c6:e3,10.21.0.18 IS-AT ca:19:e5:3f:46:f3,0
474,10.21.0.18,10.21.0.5,ca:19:e5:3f:46:f3,ff:ff:ff:ff:ff:ff,WHO-HAS 10.21.0.5? TELL 10.21.0.18,0
475,10.21.0.5,10.21.0.18,82:fb:46:aa:c6:e3,ca:19:e5:3f:46:f3,10.21.0.5 IS-AT 82:fb:46:aa:c6:e3,0
476,10.21.0.18,10.21.0.5,ca:19:e5:3f:46:f3,82:fb:46:aa:c6:e3,10.21.0.18 IS-AT ca:19:e5:3f:46:f3,0
477,10.21.0.18,10.21.0.5,ca:19:e5:3f:46:f3,ff:ff:ff:ff:ff:ff,WHO-HAS 10.21.0.5? TELL 10.21.0.18,0
478,10.21.0.5,10.21.0.18,82:fb:46:aa:c6:e3,ca:19:e5:3f:46:f3,10.21.0.5 IS-AT 82:fb:46:aa:c6:e3,0
479,10.21.0.18,10.21.0.5,ca:19:e5:3f:46:f3,82:fb:46:aa:c6:e3,10.21.0.18 IS-AT ca:19:e5:3f:46:f3,0
480,10.21.0.18,10.21.0.5,ca:19:e5:3f:46:f3,ff:ff:ff:ff:ff:ff,WHO-HAS 10.21.0.5? TELL 10.21.0.18,0
481,10.21.0.5,10.21.0.18,82:fb:46:aa:c6:e3,ca:19:e5:3f:46:f3,10.21.0.5 IS-AT 82:fb:46:aa:c6:e3,0
482,10.21.0.18,10.21.0.5,ca:19:e5:3f:46:f3,82:fb:46:aa:c6:e3,10.21.0.18 IS-AT ca:19:e5:3f:46:f3,0
483,10.21.0.18,10.21.0.5,ca:19:e5:3f:46:f3,ff:ff:ff:ff:ff:ff,WHO-HAS 10.21.0.5? TELL 10.21.0.18,0
484,10.21.0.5,10.21.0.18,82:fb:46:aa:c6:e3,ca:19:e5:3f:46:f3,10.21.0.5 IS-AT 82:fb:46:aa:c6:e3,0
485,10.21.0.18,10.21.0.5,ca:19:e5:3f:46:f3,82:fb:46:aa:c6:e3,10.21.0.18 IS-AT ca:19:e5:3f:46:f3,0
486,10.21.0.18,10.21.0.5,ca:19:e5:3f:46:f3,ff:ff:ff:ff:ff:ff,WHO-HAS 10.21.0.5? TELL 10.21.0.18,0
487,10.21.0.5,10.21.0.18,82:fb:46:aa:c6:e3,ca:19:e5:3f:46:f3,10.21.0.5 IS-AT 82:fb:46:aa:c6:e3,0
488,10.21.0.18,10.21.0.5,ca:19:e5:3f:46:f3,82:fb:46:aa:c6:e3,10.21.0.18 IS-AT ca:19:e5:3f:46:f3,0
489,10.21.0.18,10.21.0.5,6a:76:e5:4c:3e:45,82:fb:46:aa:c6:e3,10.21.0.18 IS-AT 6a:76:e5:4c:3e:45,1
490,10.21.0.18,10.21.0.5,6a:76:e5:4c:3e:45,82:fb:46:aa:c6:e3,10.21.0.18 IS-AT 6a:76:e5:4c:3e:45,1
491,10.21.0.18,10.21.0.5,6a:76:e5:4c:3e:45,82:fb:46:aa:c6:e3,10.21.0.18 IS-AT 6a:76:e5:4c:3e:45,1
492,10.21.0.18,10.21.0.5,6a:76:e5:4c:3e:45,82:fb:46:aa:c6:e3,10.21.0.18 IS-AT 6a:76:e5:4c:3e:45,1
493,10.21.0.18,10.21.0.5,6a:76:e5:4c:3e:45,82:fb:46:aa:c6:e3,10.21.0.18 IS-AT 6a:76:e5:4c:3e:45,1
494,10.21.0.18,10.21.0.5,6a:76:e5:4c:3e:45,82:fb:46:aa:c6:e3,10.21.0.18 IS-AT 6a:76:e5:4c:3e:45,1
495,10.21.0.18,10.21.0.5,6a:76:e5:4c:3e:45,82:fb:46:aa:c6:e3,10.21.0.18 IS-AT 6a:76:e5:4c:3e:45,1
496,10.21.0.18,10.21.0.5,6a:76:e5:4c:3e:45,82:fb:46:aa:c6:e3,10.21.0.18 IS-AT 6a:76:e5:4c:3e:45,1
497,10.21.0.18,10.21.0.5,6a:76:e5:4c:3e:45,82:fb:46:aa:c6:e3,10.21.0.18 IS-AT 6a:76:e5:4c:3e:45,1
498,10.21.0.18,10.21.0.5,6a:76:e5:4c:3e:45,82:fb:46:aa:c6:e3,10.21.0.18 IS-AT 6a:76:e5:4c:3e:45,1
499,10.21.0.18,10.21.0.5,6a:76:e5:4c:3e:45,82:fb:46:aa:c6:e3,10.21.0.18 IS-AT 6a:76:e5:4c:3e:45,1
500,10.21.0.18,10.21.0.5,6a:76:e5:4c:3e:45,82:fb:46:aa:c6:e3,10.21.0.18 IS-AT 6a:76:e5:4c:3e:45,1
501,10.21.0.18,10.21.0.5,6a:76:e5:4c:3e:45,82:fb:46:aa:c6:e3,10.21.0.18 IS-AT 6a:76:e5:4c:3e:45,1
502,10.21.0.18,10.21.0.5,6a:76:e5:4c:3e:45,82:fb:46:aa:c6:e3,10.21.0.18 IS-AT 6a:76:e5:4c:3e:45,1
503,10.21.0.18,10.21.0.5,6a:76:e5:4c:3e:45,82:fb:46:aa:c6:e3,10.21.0.18 IS-AT 6a:76:e5:4c:3e:45,1
504,10.21.0.18,10.21.0.5,6a:76:e5:4c:3e:45,82:fb:46:aa:c6:e3,10.21.0.18 IS-AT 6a:76:e5:4c:3e:45,1
505,10.21.0.18,10.21.0.5,6a:76:e5:4c:3e:45,82:fb:46:aa:c6:e3,10.21.0.18 IS-AT 6a:76:e5:4c:3e:45,1
506,10.21.0.18,10.21.0.5,6a:76:e5:4c:3e:45,82:fb:46:aa:c6:e3,10.21.0.18 IS-AT 6a:76:e5:4c:3e:45,1
507,10.21.0.18,10.21.0.5,6a:76:e5:4c:3e:45,82:fb:46:aa:c6:e3,10.21.0.18 IS-AT 6a:76:e5:4c:3e:45,1
508,10.21.0.18,10.21.0.5,6a:76:e5:4c:3e:45,82:fb:46:aa:c6:e3,10.21.0.18 IS-AT 6a:76:e5:4c:3e:45,1
509,10.21.0.18,10.21.0.5,6a:76:e5:4c:3e:45,82:fb:46:aa:c6:e3,10.21.0.18 IS-AT 6a:76:e5:4c:3e:45,1
510,10.21.0.18,10.21.0.5,6a:76:e5:4c:3e:45,82:fb:46:aa:c6:e3,10.21.0.18 IS-AT 6a:76:e5:4c:3e:45,1
511,10.21.0.18,10.21.0.5,6a:76:e5:4c:3e:45,82:fb:46:aa:c6:e3,10.21.0.18 IS-AT 6a:76:e5:4c:3e:45,1
512,10.21.0.18,10.21.0.5,6a:76:e5:4c:3e:45,82:fb:46:aa:c6:e3,10.21.0.18 IS-AT 6a:76:e5:4c:3e:45,1
513,10.21.0.18,10.21.0.5,6a:76:e5:4c:3e:45,82:fb:46:aa:c6:e3,10.21.0.18 IS-AT 6a:76:e5:4c:3e:45,1
514,10.21.0.18,10.21.0.5,6a:76:e5:4c:3e:45,82:fb:46:aa:c6:e3,10.21.0.18 IS-AT 6a:76:e5:4c:3e:45,1
515,10.21.0.18,10.21.0.5,6a:76:e5:4c:3e:45,82:fb:46:aa:c6:e3,10.21.0.18 IS-AT 6a:76:e5:4c:3e:45,1
516,10.21.0.18,10.21.0.5,6a:76:e5:4c:3e:45,82:fb:46:aa:c6:e3,10.21.0.18 IS-AT 6a:76:e5:4c:3e:45,1
517,10.21.0.18,10.21.0.5,6a:76:e5:4c:3e:45,82:fb:46:aa:c6:e3,10.21.0.18 IS-AT 6a:76:e5:4c:3e:45,1
518,10.21.0.18,10.21.0.5,6a:76:e5:4c:3e:45,82:fb:46:aa:c6:e3,10.21.0.18 IS-AT 6a:76:e5:4c:3e:45,1
519,10.21.0.18,10.21.0.5,6a:76:e5:4c:3e:45,82:fb:46:aa:c6:e3,10.21.0.18 IS-AT 6a:76:e5:4c:3e:45,1
520,10.21.0.18,10.21.0.5,6a:76:e5:4c:3e:45,82:fb:46:aa:c6:e3,10.21.0.18 IS-AT 6a:76:e5:4c:3e:45,1
521,10.21.0.18,10.21.0.5,6a:76:e5:4c:3e:45,82:fb:46:aa:c6:e3,10.21.0.18 IS-AT 6a:76:e5:4c:3e:45,1
522,10.21.0.18,10.21.0.5,6a:76:e5:4c:3e:45,82:fb:46:aa:c6:e3,10.21.0.18 IS-AT 6a:76:e5:4c:3e:45,1
523,10.21.0.18,10.21.0.5,6a:76:e5:4c:3e:45,82:fb:46:aa:c6:e3,10.21.0.18 IS-AT 6a:76:e5:4c:3e:45,1
524,10.21.0.18,10.21.0.5,6a:76:e5:4c:3e:45,82:fb:46:aa:c6:e3,10.21.0.18 IS-AT 6a:76:e5:4c:3e:45,1
525,10.21.0.18,10.21.0.5,6a:76:e5:4c:3e:45,82:fb:46:aa:c6:e3,10.21.0.18 IS-AT 6a:76:e5:4c:3e:45,1
526,10.21.0.18,10.21.0.5,6a:76:e5:4c:3e:45,82:fb:46:aa:c6:e3,10.21.0.18 IS-AT 6a:76:e5:4c:3e:45,1
527,10.21.0.18,10.21.0.5,6a:76:e5:4c:3e:45,82:fb:46:aa:c6:e3,10.21.0.18 IS-AT 6a:76:e5:4c:3e:45,1
528,10.21.0.18,10.21.0.5,6a:76:e5:4c:3e:45,82:fb:46:aa:c6:e3,10.21.0.18 IS-AT 6a:76:e5:4c:3e:45,1
529,10.21.0.18,10.21.0.5,6a:76:e5:4c:3e:45,82:fb:46:aa:c6:e3,10.21.0.18 IS-AT 6a:76:e5:4c:3e:45,1
530,10.21.0.18,10.21.0.5,6a:76:e5:4c:3e:45,82:fb:46:aa:c6:e3,10.21.0.18 IS-AT 6a:76:e5:4c:3e:45,1
531,10.21.0.18,10.21.0.5,6a:76:e5:4c:3e:45,82:fb:46:aa:c6:e3,10.21.0.18 IS-AT 6a:76:e5:4c:3e:45,1
532,10.21.0.18,10.21.0.5,6a:76:e5:4c:3e:45,82:fb:46:aa:c6:e3,10.21.0.18 IS-AT 6a:76:e5:4c:3e:45,1
533,10.21.0.18,10.21.0.5,6a:76:e5:4c:3e:45,82:fb:46:aa:c6:e3,10.21.0.18 IS-AT 6a:76:e5:4c:3e:45,1
534,10.21.0.18,10.21.0.5,6a:76:e5:4c:3e:45,82:fb:46:aa:c6:e3,10.21.0.18 IS-AT 6a:76:e5:4c:3e:45,1
535,10.21.0.18,10.21.0.5,6a:76:e5:4c:3e:45,82:fb:46:aa:c6:e3,10.21.0.18 IS-AT 6a:76:e5:4c:3e:45,1
536,10.21.0.18,10.21.0.5,6a:76:e5:4c:3e:45,82:fb:46:aa:c6:e3,10.21.0.18 IS-AT 6a:76:e5:4c:3e:45,1
537,10.21.0.18,10.21.0.5,6a:76:e5:4c:3e:45,82:fb:46:aa:c6:e3,10.21.0.18 IS-AT 6a:76:e5:4c:3e:45,1
538,10.21.0.18,10.21.0.5,ca:19:e5:3f:46:f3,ff:ff:ff:ff:ff:ff,WHO-HAS 10.21.0.5? TELL 10.21.0.18,0
539,10.21.0.5,10.21.0.18,82:fb:46:aa:c6:e3,ca:19:e5:3f:46:f3,10.21.0.5 IS-AT 82:fb:46:aa:c6:e3,0
540,10.21.0.18,10.21.0.5,ca:19:e5:3f:46:f3,82:fb:46:aa:c6:e3,10.21.0.18 IS-AT ca:19:e5:3f:46:f3,0
541,10.21.0.18,10.21.0.5,ca:19:e5:3f:46:f3,ff:ff:ff:ff:ff:ff,WHO-HAS 10.21.0.5? TELL 10.21.0.18,0
542,10.21.0.5,10.21.0.18,82:fb:46:aa:c6:e3,ca:19:e5:3f:46:f3,10.21.0.5 IS-AT 82:fb:46:aa:c6:e3,0
543,10.21.0.18,10.21.0.5,ca:19:e5:3f:46:f3,82:fb:46:aa:c6:e3,10.21.0.18 IS-AT ca:19:e5:3f:46:f3,0
544,10.21.0.18,10.21.0.5,ca:19:e5:3f:46:f3,ff:ff:ff:ff:ff:ff,WHO-HAS 10.21.0.5? TELL 10.21.0.18,0
545,10.21.0.5,10.21.0.18,82:fb:46:aa:c6:e3,ca:19:e5:3f:46:f3,10.21.0.5 IS-AT 82:fb:46:aa:c6:e3,0
546,10.21.0.18,10.21.0.5,ca:19:e5:3f:46:f3,82:fb:46:aa:c6:e3,10.21.0.18 IS-AT ca:19:e5:3f:46:f3,0
547,10.21.0.18,10.21.0.5,ca:19:e5:3f:46:f3,ff:ff:ff:ff:ff:ff,WHO-HAS 10.21.0.5? TELL 10.21.0.18,0
548,10.21.0.5,10.21.0.18,82:fb:46:aa:c6:e3,ca:19:e5:3f:46:f3,10.21.0.5 IS-AT 82:fb:46:aa:c6:e3,0
549,10.21.0.18,10.21.0.5,ca:19:e5:3f:46:f3,82:fb:46:aa:c6:e3,10.21.0.18 IS-AT ca:19:e5:3f:46:f3,0
550,10.21.0.18,10.21.0.5,ca:19:e5:3f:46:f3,ff:ff:ff:ff:ff:ff,WHO-HAS 10.21.0.5? TELL 10.21.0.18,0
551,10.21.0.5,10.21.0.18,82:fb:46:aa:c6:e3,ca:19:e5:3f:46:f3,10.21.0.5 IS-AT 82:fb:46:aa:c6:e3,0
552,10.21.0.18,10.21.0.5,ca:19:e5:3f:46:f3,82:fb:46:aa:c6:e3,10.21.0.18 IS-AT ca:19:e5:3f:46:f3,0
553,10.21.0.18,10.21.0.5,ca:19:e5:3f:46:f3,ff:ff:ff:ff:ff:ff,WHO-HAS 10.21.0.5? TELL 10.21.0.18,0
554,10.21.0.5,10.21.0.18,82:fb:46:aa:c6:e3,ca:19:e5:3f:46:f3,10.21.0.5 IS-AT 82:fb:46:aa:c6:e3,0
555,10.21.0.18,10.21.0.5,ca:19:e5:3f:46:f3,82:fb:46:aa:c6:e3,10.21.0.18 IS-AT ca:19:e5:3f:46:f3,0
556,10.21.0.18,10.21.0.5,ca:19:e5:3f:46:f3,ff:ff:ff:ff:ff:ff,WHO-HAS 10.21.0.5? TELL 10.21.0.18,0
557,10.21.0.5,10.21.0.18,82:fb:46:aa:c6:e3,ca:19:e5:3f:46:f3,10.21.0.5 IS-AT 82:fb:46:aa:c6:e3,0
558,10.21.0.18,10.21.0.5,ca:19:e5:3f:46:f3,82:fb:46:aa:c6:e3,10.21.0.18 IS-AT ca:19:e5:3f:46:f3,0
559,10.21.0.18,10.21.0.5,ca:19:e5:3f:46:f3,ff:ff:ff:ff:ff:ff,WHO-HAS 10.21.0.5? TELL 10.21.0.18,0
560,10.21.0.5,10.21.0.18,82:fb:46:aa:c6:e3,ca:19:e5:3f:46:f3,10.21.0.5 IS-AT 82:fb:46:aa:c6:e3,0
561,10.21.0.18,10.21.0.5,ca:19:e5:3f:46:f3,82:fb:46:aa:c6:e3,10.21.0.18 IS-AT ca:19:e5:3f:46:f3,0
562,10.21.0.18,10.21.0.5,ca:19:e5:3f:46:f3,ff:ff:ff:ff:ff:ff,WHO-HAS 10.21.0.5? TELL 10.21.0.18,0
563,10.21.0.5,10.21.0.18,82:fb:46:aa:c6:e3,ca:19:e5:3f:46:f3,10.21.0.5 IS-AT 82:fb:46:aa:c6:e3,0
564,10.21.0.18,10.21.0.5,ca:19:e5:3f:46:f3,82:fb:46:aa:c6:e3,10.21.0.18 IS-AT ca:19:e5:3f:46:f3,0
565,10.21.0.18,10.21.0.5,ca:19:e5:3f:46:f3,ff:ff:ff:ff:ff:ff,WHO-HAS 10.21.0.5? TELL 10.21.0.18,0
566,10.21.0.5,10.21.0.18,82:fb:46:aa:c6:e3,ca:19:e5:3f:46:f3,10.21.0.5 IS-AT 82:fb:46:aa:c6:e3,0
567,10.21.0.18,10.21.0.5,ca:19:e5:3f:46:f3,82:fb:46:aa:c6:e3,10.21.0.18 IS-AT ca:19:e5:3f:46:f3,0
568,10.21.0.18,10.21.0.5,ca:19:e5:3f:46:f3,ff:ff:ff:ff:ff:ff,WHO-HAS 10.21.0.5? TELL 10.21.0.18,0
569,10.21.0.5,10.21.0.18,82:fb:46:aa:c6:e3,ca:19:e5:3f:46:f3,10.21.0.5 IS-AT 82:fb:46:aa:c6:e3,0
570,10.21.0.18,10.21.0.5,ca:19:e5:3f:46:f3,82:fb:46:aa:c6:e3,10.21.0.18 IS-AT ca:19:e5:3f:46:f3,0
571,10.21.0.18,10.21.0.5,ca:19:e5:3f:46:f3,ff:ff:ff:ff:ff:ff,WHO-HAS 10.21.0.5? TELL 10.21.0.18,0
572,10.21.0.5,10.21.0.18,82:fb:46:aa:c6:e3,ca:19:e5:3f:46:f3,10.21.0.5 IS-AT 82:fb:46:aa:c6:e3,0
573,10.21.0.18,10.21.0.5,ca:19:e5:3f:46:f3,82:fb:46:aa:c6:e3,10.21.0.18 IS-AT ca:19:e5:3f:46:f3,0
574,10.21.0.18,10.21.0.5,ca:19:e5:3f:46:f3,ff:ff:ff:ff:ff:ff,WHO-HAS 10.21.0.5? TELL 10.21.0.18,0
575,10.21.0.5,10.21.0.18,82:fb:46:aa:c6:e3,ca:19:e5:3f:46:f3,10.21.0.5 IS-AT 82:fb:46:aa:c6:e3,0
576,10.21.0.18,10.21.0.5,ca:19:e5:3f:46:f3,82:fb:46:aa:c6:e3,10.21.0.18 IS-AT ca:19:e5:3f:46:f3,0
577,10.21.0.18,10.21.0.5,ca:19:e5:3f:46:f3,ff:ff:ff:ff:ff:ff,WHO-HAS 10.21.0.5? TELL 10.21.0.18,0
578,10.21.0.5,10.21.0.18,82:fb:46:aa:c6:e3,ca:19:e5:3f:46:f3,10.21.0.5 IS-AT 82:fb:46:aa:c6:e3,0
579,10.21.0.18,10.21.0.5,ca:19:e5:3f:46:f3,82:fb:46:aa:c6:e3,10.21.0.18 IS-AT ca:19:e5:3f:46:f3,0
580,10.21.0.18,10.21.0.5,ca:19:e5:3f:46:f3,ff:ff:ff:ff:ff:ff,WHO-HAS 10.21.0.5? TELL 10.21.0.18,0
581,10.21.0.5,10.21.0.18,82:fb:46:aa:c6:e3,ca:19:e5:3f:46:f3,10.21.0.5 IS-AT 82:fb:46:aa:c6:e3,0
582,10.21.0.18,10.21.0.5,ca:19:e5:3f:46:f3,82:fb:46:aa:c6:e3,10.21.0.18 IS-AT ca:19:e5:3f:46:f3,0
583,10.21.0.18,10.21.0.5,ca:19:e5:3f:46:f3,ff:ff:ff:ff:ff:ff,WHO-HAS 10.21.0.5? TELL 10.21.0.18,0
584,10.21.0.5,10.21.0.18,82:fb:46:aa:c6:e3,ca:19:e5:3f:46:f3,10.21.0.5 IS-AT 82:fb:46:aa:c6:e3,0
585,10.21.0.18,10.21.0.5,ca:19:e5:3f:46:f3,82:fb:46:aa:c6:e3,10.21.0.18 IS-AT ca:19:e5:3f:46:f3,0
586,10.21.0.18,10.21.0.5,ca:19:e5:3f:46:f3,ff:ff:ff:ff:ff:ff,WHO-HAS 10.21.0.5? TELL 10.21.0.18,0
587,10.21.0.5,10.21.0.18,82:fb:46:aa:c6:e3,ca:19:e5:3f:46:f3,10.21.0.5 IS-AT 82:fb:46:aa:c6:e3,0
588,10.21.0.18,10.21.0.5,ca:19:e5:3f:46:f3,82:fb:46:aa:c6:e3,10.21.0.18 IS-AT ca:19:e5:3f:46:f3,0
589,10.21.0.18,10.21.0.5,ca:19:e5:3f:46:f3,ff:ff:ff:ff:ff:ff,WHO-HAS 10.21.0.5? TELL 10.21.0.18,0
590,10.21.0.5,10.21.0.18,82:fb:46:aa:c6:e3,ca:19:e5:3f:46:f3,10.21.0.5 IS-AT 82:fb:46:aa:c6:e3,0
591,10.21.0.18,10.21.0.5,ca:19:e5:3f:46:f3,82:fb:46:aa:c6:e3,10.21.0.18 IS-AT ca:19:e5:3f:46:f3,0
592,10.21.0.18,10.21.0.5,ca:19:e5:3f:46:f3,ff:ff:ff:ff:ff:ff,WHO-HAS 10.21.0.5? TELL 10.21.0.18,0
593,10.21.0.5,10.21.0.18,82:fb:46:aa:c6:e3,ca:19:e5:3f:46:f3,10.21.0.5 IS-AT 82:fb:46:aa:c6:e3,0
594,10.21.0.18,10.21.0.5,ca:19:e5:3f:46:f3,82:fb:46:aa:c6:e3,10.21.0.18 IS-AT ca:19:e5:3f:46:f3,0
595,10.21.0.18,10.21.0.5,ca:19:e5:3f:46:f3,ff:ff:ff:ff:ff:ff,WHO-HAS 10.21.0.5? TELL 10.21.0.18,0
596,10.21.0.5,10.21.0.18,82:fb:46:aa:c6:e3,ca:19:e5:3f:46:f3,10.21.0.5 IS-AT 82:fb:46:aa:c6:e3,0
597,10.21.0.18,10.21.0.5,ca:19:e5:3f:46:f3,82:fb:46:aa:c6:e3,10.21.0.18 IS-AT ca:19:e5:3f:46:f3,0
598,10.21.0.18,10.21.0.5,ca:19:e5:3f:46:f3,ff:ff:ff:ff:ff:ff,WHO-HAS 10.21.0.5? TELL 10.21.0.18,0
599,10.21.0.5,10.21.0.18,82:fb:46:aa:c6:e3,ca:19:e5:3f:46:f3,10.21.0.5 IS-AT 82:fb:46:aa:c6:e3,0
600,10.21.0.18,10.21.0.5,ca:19:e5:3f:46:f3,82:fb:46:aa:c6:e3,10.21.0.18 IS-AT ca:19:e5:3f:46:f3,0
601,10.21.0.18,10.21.0.5,ca:19:e5:3f:46:f3,ff:ff:ff:ff:ff:ff,WHO-HAS 10.21.0.5? TELL 10.21.0.18,0
602,10.21.0.5,10.21.0.18,82:fb:46:aa:c6:e3,ca:19:e5:3f:46:f3,10.21.0.5 IS-AT 82:fb:46:aa:c6:e3,0
603,10.21.0.18,10.21.0.5,ca:19:e5:3f:46:f3,82:fb:46:aa:c6:e3,10.21.0.18 IS-AT ca:19:e5:3f:46:f3,0
604,10.21.0.18,10.21.0.5,ca:19:e5:3f:46:f3,ff:ff:ff:ff:ff:ff,WHO-HAS 10.21.0.5? TELL 10.21.0.18,0
605,10.21.0.5,10.21.0.18,82:fb:46:aa:c6:e3,ca:19:e5:3f:46:f3,10.21.0.5 IS-AT 82:fb:46:aa:c6:e3,0
606,10.21.0.18,10.21.0.5,ca:19:e5:3f:46:f3,82:fb:46:aa:c6:e3,10.21.0.18 IS-AT ca:19:e5:3f:46:f3,0
607,10.21.0.18,10.21.0.5,ca:19:e5:3f:46:f3,ff:ff:ff:ff:ff:ff,WHO-HAS 10.21.0.5? TELL 10.21.0.18,0
608,10.21.0.5,10.21.0.18,82:fb:46:aa:c6:e3,ca:19:e5:3f:46:f3,10.21.0.5 IS-AT 82:fb:46:aa:c6:e3,0
609,10.21.0.18,10.21.0.5,ca:19:e5:3f:46:f3,82:fb:46:aa:c6:e3,10.21.0.18 IS-AT ca:19:e5:3f:46:f3,0
610,10.21.0.18,10.21.0.5,ca:19:e5:3f:46:f3,ff:ff:ff:ff:ff:ff,WHO-HAS 10.21.0.5? TELL 10.21.0.18,0
611,10.21.0.5,10.21.0.18,82:fb:46:aa:c6:e3,ca:19:e5:3f:46:f3,10.21.0.5 IS-AT 82:fb:46:aa:c6:e3,0
612,10.21.0.18,10.21.0.5,ca:19:e5:3f:46:f3,82:fb:46:aa:c6:e3,10.21.0.18 IS-AT ca:19:e5:3f:46:f3,0
613,10.21.0.18,10.21.0.5,ca:19:e5:3f:46:f3,ff:ff:ff:ff:ff:ff,WHO-HAS 10.21.0.5? TELL 10.21.0.18,0
614,10.21.0.5,10.21.0.18,82:fb:46:aa:c6:e3,ca:19:e5:3f:46:f3,10.21.0.5 IS-AT 82:fb:46:aa:c6:e3,0
615,10.21.0.18,10.21.0.5,ca:19:e5:3f:46:f3,82:fb:46:aa:c6:e3,10.21.0.18 IS-AT ca:19:e5:3f:46:f3,0
616,10.21.0.18,10.21.0.5,ca:19:e5:3f:46:f3,ff:ff:ff:ff:ff:ff,WHO-HAS 10.21.0.5? TELL 10.21.0.18,0
617,10.21.0.5,10.21.0.18,82:fb:46:aa:c6:e3,ca:19:e5:3f:46:f3,10.21.0.5 IS-AT 82:fb:46:aa:c6:e3,0
618,10.21.0.18,10.21.0.5,ca:19:e5:3f:46:f3,82:fb:46:aa:c6:e3,10.21.0.18 IS-AT ca:19:e5:3f:46:f3,0
619,10.21.0.18,10.21.0.5,ca:19:e5:3f:46:f3,ff:ff:ff:ff:ff:ff,WHO-HAS 10.21.0.5? TELL 10.21.0.18,0
620,10.21.0.5,10.21.0.18,82:fb:46:aa:c6:e3,ca:19:e5:3f:46:f3,10.21.0.5 IS-AT 82:fb:46:aa:c6:e3,0
621,10.21.0.18,10.21.0.5,ca:19:e5:3f:46:f3,82:fb:46:aa:c6:e3,10.21.0.18 IS-AT ca:19:e5:3f:46:f3,0
622,10.21.0.18,10.21.0.5,ca:19:e5:3f:46:f3,ff:ff:ff:ff:ff:ff,WHO-HAS 10.21.0.5? TELL 10.21.0.18,0
623,10.21.0.5,10.21.0.18,82:fb:46:aa:c6:e3,ca:19:e5:3f:46:f3,10.21.0.5 IS-AT 82:fb:46:aa:c6:e3,0
624,10.21.0.18,10.21.0.5,ca:19:e5:3f:46:f3,82:fb:46:aa:c6:e3,10.21.0.18 IS-AT ca:19:e5:3f:46:f3,0
625,10.21.0.18,10.21.0.5,ca:19:e5:3f:46:f3,ff:ff:ff:ff:ff:ff,WHO-HAS 10.21.0.5? TELL 10.21.0.18,0
626,10.21.0.5,10.21.0.18,82:fb:46:aa:c6:e3,ca:19:e5:3f:46:f3,10.21.0.5 IS-AT 82:fb:46:aa:c6:e3,0
627,10.21.0.18,10.21.0.5,ca:19:e5:3f:46:f3,82:fb:46:aa:c6:e3,10.21.0.18 IS-AT ca:19:e5:3f:46:f3,0
628,10.21.0.18,10.21.0.5,ca:19:e5:3f:46:f3,ff:ff:ff:ff:ff:ff,WHO-HAS 10.21.0.5? TELL 10.21.0.18,0
629,10.21.0.5,10.21.0.18,82:fb:46:aa:c6:e3,ca:19:e5:3f:46:f3,10.21.0.5 IS-AT 82:fb:46:aa:c6:e3,0
630,10.21.0.18,10.21.0.5,ca:19:e5:3f:46:f3,82:fb:46:aa:c6:e3,10.21.0.18 IS-AT ca:19:e5:3f:46:f3,0
631,10.21.0.18,10.21.0.5,ca:19:e5:3f:46:f3,ff:ff:ff:ff:ff:ff,WHO-HAS 10.21.0.5? TELL 10.21.0.18,0
632,10.21.0.5,10.21.0.18,82:fb:46:aa:c6:e3,ca:19:e5:3f:46:f3,10.21.0.5 IS-AT 82:fb:46:aa:c6:e3,0
633,10.21.0.18,10.21.0.5,ca:19:e5:3f:46:f3,82:fb:46:aa:c6:e3,10.21.0.18 IS-AT ca:19:e5:3f:46:f3,0
634,10.21.0.18,10.21.0.5,ca:19:e5:3f:46:f3,ff:ff:ff:ff:ff:ff,WHO-HAS 10.21.0.5? TELL 10.21.0.18,0
635,10.21.0.5,10.21.0.18,82:fb:46:aa:c6:e3,ca:19:e5:3f:46:f3,10.21.0.5 IS-AT 82:fb:46:aa:c6:e3,0
636,10.21.0.18,10.21.0.5,ca:19:e5:3f:46:f3,82:fb:46:aa:c6:e3,10.21.0.18 IS-AT ca:19:e5:3f:46:f3,0
637,10.21.0.18,10.21.0.5,ca:19:e5:3f:46:f3,ff:ff:ff:ff:ff:ff,WHO-HAS 10.21.0.5? TELL 10.21.0.18,0
638,10.21.0.5,10.21.0.18,82:fb:46:aa:c6:e3,ca:19:e5:3f:46:f3,10.21.0.5 IS-AT 82:fb:46:aa:c6:e3,0
639,10.21.0.18,10.21.0.5,ca:19:e5:3f:46:f3,82:fb:46:aa:c6:e3,10.21.0.18 IS-AT ca:19:e5:3f:46:f3,0
640,10.21.0.18,10.21.0.5,ca:19:e5:3f:46:f3,ff:ff:ff:ff:ff:ff,WHO-HAS 10.21.0.5? TELL 10.21.0.18,0
641,10.21.0.5,10.21.0.18,82:fb:46:aa:c6:e3,ca:19:e5:3f:46:f3,10.21.0.5 IS-AT 82:fb:46:aa:c6:e3,0
642,10.21.0.18,10.21.0.5,ca:19:e5:3f:46:f3,82:fb:46:aa:c6:e3,10.21.0.18 IS-AT ca:19:e5:3f:46:f3,0
643,10.21.0.18,10.21.0.5,ca:19:e5:3f:46:f3,ff:ff:ff:ff:ff:ff,WHO-HAS 10.21.0.5? TELL 10.21.0.18,0
644,10.21.0.5,10.21.0.18,82:fb:46:aa:c6:e3,ca:19:e5:3f:46:f3,10.21.0.5 IS-AT 82:fb:46:aa:c6:e3,0
645,10.21.0.18,10.21.0.5,ca:19:e5:3f:46:f3,82:fb:46:aa:c6:e3,10.21.0.18 IS-AT ca:19:e5:3f:46:f3,0
646,10.21.0.18,10.21.0.5,ca:19:e5:3f:46:f3,ff:ff:ff:ff:ff:ff,WHO-HAS 10.21.0.5? TELL 10.21.0.18,0
647,10.21.0.5,10.21.0.18,82:fb:46:aa:c6:e3,ca:19:e5:3f:46:f3,10.21.0.5 IS-AT 82:fb:46:aa:c6:e3,0
648,10.21.0.18,10.21.0.5,ca:19:e5:3f:46:f3,82:fb:46:aa:c6:e3,10.21.0.18 IS-AT ca:19:e5:3f:46:f3,0
649,10.21.0.18,10.21.0.5,ca:19:e5:3f:46:f3,ff:ff:ff:ff:ff:ff,WHO-HAS 10.21.0.5? TELL 10.21.0.18,0
650,10.21.0.5,10.21.0.18,82:fb:46:aa:c6:e3,ca:19:e5:3f:46:f3,10.21.0.5 IS-AT 82:fb:46:aa:c6:e3,0
651,10.21.0.18,10.21.0.5,ca:19:e5:3f:46:f3,82:fb:46:aa:c6:e3,10.21.0.18 IS-AT ca:19:e5:3f:46:f3,0
652,10.21.0.18,10.21.0.5,ca:19:e5:3f:46:f3,ff:ff:ff:ff:ff:ff,WHO-HAS 10.21.0.5? TELL 10.21.0.18,0
653,10.21.0.5,10.21.0.18,82:fb:46:aa:c6:e3,ca:19:e5:3f:46:f3,10.21.0.5 IS-AT 82:fb:46:aa:c6:e3,0
654,10.21.0.18,10.21.0.5,ca:19:e5:3f:46:f3,82:fb:46:aa:c6:e3,10.21.0.18 IS-AT ca:19:e5:3f:46:f3,0
655,10.21.0.18,10.21.0.5,ca:19:e5:3f:46:f3,ff:ff:ff:ff:ff:ff,WHO-HAS 10.21.0.5? TELL 10.21.0.18,0
656,10.21.0.5,10.21.0.18,82:fb:46:aa:c6:e3,ca:19:e5:3f:46:f3,10.21.0.5 IS-AT 82:fb:46:aa:c6:e3,0
657,10.21.0.18,10.21.0.5,ca:19:e5:3f:46:f3,82:fb:46:aa:c6:e3,10.21.0.18 IS-AT ca:19:e5:3f:46:f3,0
658,10.21.0.18,10.21.0.5,ca:19:e5:3f:46:f3,ff:ff:ff:ff:ff:ff,WHO-HAS 10.21.0.5? TELL 10.21.0.18,0
659,10.21.0.5,10.21.0.18,82:fb:46:aa:c6:e3,ca:19:e5:3f:46:f3,10.21.0.5 IS-AT 82:fb:46:aa:c6:e3,0
660,10.21.0.18,10.21.0.5,ca:19:e5:3f:46:f3,82:fb:46:aa:c6:e3,10.21.0.18 IS-AT ca:19:e5:3f:46:f3,0
661,10.21.0.18,10.21.0.5,ca:19:e5:3f:46:f3,ff:ff:ff:ff:ff:ff,WHO-HAS 10.21.0.5? TELL 10.21.0.18,0
662,10.21.0.5,10.21.0.18,82:fb:46:aa:c6:e3,ca:19:e5:3f:46:f3,10.21.0.5 IS-AT 82:fb:46:aa:c6:e3,0
663,10.21.0.18,10.21.0.5,ca:19:e5:3f:46:f3,82:fb:46:aa:c6:e3,10.21.0.18 IS-AT ca:19:e5:3f:46:f3,0
664,10.21.0.18,10.21.0.5,ca:19:e5:3f:46:f3,ff:ff:ff:ff:ff:ff,WHO-HAS 10.21.0.5? TELL 10.21.0.18,0
665,10.21.0.5,10.21.0.18,82:fb:46:aa:c6:e3,ca:19:e5:3f:46:f3,10.21.0.5 IS-AT 82:fb:46:aa:c6:e3,0
666,10.21.0.18,10.21.0.5,ca:19:e5:3f:46:f3,82:fb:46:aa:c6:e3,10.21.0.18 IS-AT ca:19:e5:3f:46:f3,0
667,10.21.0.18,10.21.0.5,ca:19:e5:3f:46:f3,ff:ff:ff:ff:ff:ff,WHO-HAS 10.21.0.5? TELL 10.21.0.18,0
668,10.21.0.5,10.21.0.18,82:fb:46:aa:c6:e3,ca:19:e5:3f:46:f3,10.21.0.5 IS-AT 82:fb:46:aa:c6:e3,0
669,10.21.0.18,10.21.0.5,ca:19:e5:3f:46:f3,82:fb:46:aa:c6:e3,10.21.0.18 IS-AT ca:19:e5:3f:46:f3,0
670,10.21.0.18,10.21.0.5,ca:19:e5:3f:46:f3,ff:ff:ff:ff:ff:ff,WHO-HAS 10.21.0.5? TELL 10.21.0.18,0
671,10.21.0.5,10.21.0.18,82:fb:46:aa:c6:e3,ca:19:e5:3f:46:f3,10.21.0.5 IS-AT 82:fb:46:aa:c6:e3,0
672,10.21.0.18,10.21.0.5,ca:19:e5:3f:46:f3,82:fb:46:aa:c6:e3,10.21.0.18 IS-AT ca:19:e5:3f:46:f3,0
673,10.21.0.18,10.21.0.5,ca:19:e5:3f:46:f3,ff:ff:ff:ff:ff:ff,WHO-HAS 10.21.0.5? TELL 10.21.0.18,0
674,10.21.0.5,10.21.0.18,82:fb:46:aa:c6:e3,ca:19:e5:3f:46:f3,10.21.0.5 IS-AT 82:fb:46:aa:c6:e3,0
675,10.21.0.18,10.21.0.5,ca:19:e5:3f:46:f3,82:fb:46:aa:c6:e3,10.21.0.18 IS-AT ca:19:e5:3f:46:f3,0
676,10.21.0.18,10.21.0.5,ca:19:e5:3f:46:f3,ff:ff:ff:ff:ff:ff,WHO-HAS 10.21.0.5? TELL 10.21.0.18,0
677,10.21.0.5,10.21.0.18,82:fb:46:aa:c6:e3,ca:19:e5:3f:46:f3,10.21.0.5 IS-AT 82:fb:46:aa:c6:e3,0
678,10.21.0.18,10.21.0.5,ca:19:e5:3f:46:f3,82:fb:46:aa:c6:e3,10.21.0.18 IS-AT ca:19:e5:3f:46:f3,0
679,10.21.0.18,10.21.0.5,ca:19:e5:3f:46:f3,ff:ff:ff:ff:ff:ff,WHO-HAS 10.21.0.5? TELL 10.21.0.18,0
680,10.21.0.5,10.21.0.18,82:fb:46:aa:c6:e3,ca:19:e5:3f:46:f3,10.21.0.5 IS-AT 82:fb:46:aa:c6:e3,0
681,10.21.0.18,10.21.0.5,ca:19:e5:3f:46:f3,82:fb:46:aa:c6:e3,10.21.0.18 IS-AT ca:19:e5:3f:46:f3,0
682,10.21.0.18,10.21.0.5,ca:19:e5:3f:46:f3,ff:ff:ff:ff:ff:ff,WHO-HAS 10.21.0.5? TELL 10.21.0.18,0
683,10.21.0.5,10.21.0.18,82:fb:46:aa:c6:e3,ca:19:e5:3f:46:f3,10.21.0.5 IS-AT 82:fb:46:aa:c6:e3,0
684,10.21.0.18,10.21.0.5,ca:19:e5:3f:46:f3,82:fb:46:aa:c6:e3,10.21.0.18 IS-AT ca:19:e5:3f:46:f3,0
685,10.21.0.18,10.21.0.5,ca:19:e5:3f:46:f3,ff:ff:ff:ff:ff:ff,WHO-HAS 10.21.0.5? TELL 10.21.0.18,0
686,10.21.0.5,10.21.0.18,82:fb:46:aa:c6:e3,ca:19:e5:3f:46:f3,10.21.0.5 IS-AT 82:fb:46:aa:c6:e3,0
687,10.21.0.18,10.21.0.5,ca:19:e5:3f:46:f3,82:fb:46:aa:c6:e3,10.21.0.18 IS-AT ca:19:e5:3f:46:f3,0
688,10.21.0.18,10.21.0.5,ca:19:e5:3f:46:f3,ff:ff:ff:ff:ff:ff,WHO-HAS 10.21.0.5? TELL 10.21.0.18,0
689,10.21.0.5,10.21.0.18,82:fb:46:aa:c6:e3,ca:19:e5:3f:46:f3,10.21.0.5 IS-AT 82:fb:46:aa:c6:e3,0
690,10.21.0.18,10.21.0.5,ca:19:e5:3f:46:f3,82:fb:46:aa:c6:e3,10.21.0.18 IS-AT ca:19:e5:3f:46:f3,0
691,10.21.0.18,10.21.0.5,ca:19:e5:3f:46:f3,ff:ff:ff:ff:ff:ff,WHO-HAS 10.21.0.5? TELL 10.21.0.18,0
692,10.21.0.5,10.21.0.18,82:fb:46:aa:c6:e3,ca:19:e5:3f:46:f3,10.21.0.5 IS-AT 82:fb:46:aa:c6:e3,0
693,10.21.0.18,10.21.0.5,ca:19:e5:3f:46:f3,82:fb:46:aa:c6:e3,10.21.0.18 IS-AT ca:19:e5:3f:46:f3,0
694,10.21.0.18,10.21.0.5,ca:19:e5:3f:46:f3,ff:ff:ff:ff:ff:ff,WHO-HAS 10.21.0.5? TELL 10.21.0.18,0
695,10.21.0.5,10.21.0.18,82:fb:46:aa:c6:e3,ca:19:e5:3f:46:f3,10.21.0.5 IS-AT 82:fb:46:aa:c6:e3,0
696,10.21.0.18,10.21.0.5,ca:19:e5:3f:46:f3,82:fb:46:aa:c6:e3,10.21.0.18 IS-AT ca:19:e5:3f:46:f3,0
697,10.21.0.18,10.21.0.5,ca:19:e5:3f:46:f3,ff:ff:ff:ff:ff:ff,WHO-HAS 10.21.0.5? TELL 10.21.0.18,0
698,10.21.0.5,10.21.0.18,82:fb:46:aa:c6:e3,ca:19:e5:3f:46:f3,10.21.0.5 IS-AT 82:fb:46:aa:c6:e3,0
699,10.21.0.18,10.21.0.5,ca:19:e5:3f:46:f3,82:fb:46:aa:c6:e3,10.21.0.18 IS-AT ca:19:e5:3f:46:f3,0
700,10.21.0.18,10.21.0.5,ca:19:e5:3f:46:f3,ff:ff:ff:ff:ff:ff,WHO-HAS 10.21.0.5? TELL 10.21.0.18,0
701,10.21.0.5,10.21.0.18,82:fb:46:aa:c6:e3,ca:19:e5:3f:46:f3,10.21.0.5 IS-AT 82:fb:46:aa:c6:e3,0
702,10.21.0.18,10.21.0.5,ca:19:e5:3f:46:f3,82:fb:46:aa:c6:e3,10.21.0.18 IS-AT ca:19:e5:3f:46:f3,0
703,10.21.0.18,10.21.0.5,ca:19:e5:3f:46:f3,ff:ff:ff:ff:ff:ff,WHO-HAS 10.21.0.5? TELL 10.21.0.18,0
704,10.21.0.5,10.21.0.18,82:fb:46:aa:c6:e3,ca:19:e5:3f:46:f3,10.21.0.5 IS-AT 82:fb:46:aa:c6:e3,0
705,10.21.0.18,10.21.0.5,ca:19:e5:3f:46:f3,82:fb:46:aa:c6:e3,10.21.0.18 IS-AT ca:19:e5:3f:46:f3,0
706,10.21.0.18,10.21.0.5,ca:19:e5:3f:46:f3,ff:ff:ff:ff:ff:ff,WHO-HAS 10.21.0.5? TELL 10.21.0.18,0
707,10.21.0.5,10.21.0.18,82:fb:46:aa:c6:e3,ca:19:e5:3f:46:f3,10.21.0.5 IS-AT 82:fb:46:aa:c6:e3,0
708,10.21.0.18,10.21.0.5,ca:19:e5:3f:46:f3,82:fb:46:aa:c6:e3,10.21.0.18 IS-AT ca:19:e5:3f:46:f3,0
709,10.21.0.18,10.21.0.5,ca:19:e5:3f:46:f3,ff:ff:ff:ff:ff:ff,WHO-HAS 10.21.0.5? TELL 10.21.0.18,0
710,10.21.0.5,10.21.0.18,82:fb:46:aa:c6:e3,ca:19:e5:3f:46:f3,10.21.0.5 IS-AT 82:fb:46:aa:c6:e3,0
711,10.21.0.18,10.21.0.5,ca:19:e5:3f:46:f3,82:fb:46:aa:c6:e3,10.21.0.18 IS-AT ca:19:e5:3f:46:f3,0
712,10.21.0.18,10.21.0.5,ca:19:e5:3f:46:f3,ff:ff:ff:ff:ff:ff,WHO-HAS 10.21.0.5? TELL 10.21.0.18,0
713,10.21.0.5,10.21.0.18,82:fb:46:aa:c6:e3,ca:19:e5:3f:46:f3,10.21.0.5 IS-AT 82:fb:46:aa:c6:e3,0
714,10.21.0.18,10.21.0.5,ca:19:e5:3f:46:f3,82:fb:46:aa:c6:e3,10.21.0.18 IS-AT ca:19:e5:3f:46:f3,0
715,10.21.0.18,10.21.0.5,ca:19:e5:3f:46:f3,ff:ff:ff:ff:ff:ff,WHO-HAS 10.21.0.5? TELL 10.21.0.18,0
716,10.21.0.5,10.21.0.18,82:fb:46:aa:c6:e3,ca:19:e5:3f:46:f3,10.21.0.5 IS-AT 82:fb:46:aa:c6:e3,0
717,10.21.0.18,10.21.0.5,ca:19:e5:3f:46:f3,82:fb:46:aa:c6:e3,10.21.0.18 IS-AT ca:19:e5:3f:46:f3,0
718,10.21.0.18,10.21.0.5,ca:19:e5:3f:46:f3,ff:ff:ff:ff:ff:ff,WHO-HAS 10.21.0.5? TELL 10.21.0.18,0
719,10.21.0.5,10.21.0.18,82:fb:46:aa:c6:e3,ca:19:e5:3f:46:f3,10.21.0.5 IS-AT 82:fb:46:aa:c6:e3,0
720,10.21.0.18,10.21.0.5,ca:19:e5:3f:46:f3,82:fb:46:aa:c6:e3,10.21.0.18 IS-AT ca:19:e5:3f:46:f3,0
721,10.21.0.18,10.21.0.5,ca:19:e5:3f:46:f3,ff:ff:ff:ff:ff:ff,WHO-HAS 10.21.0.5? TELL 10.21.0.18,0
722,10.21.0.5,10.21.0.18,82:fb:46:aa:c6:e3,ca:19:e5:3f:46:f3,10.21.0.5 IS-AT 82:fb:46:aa:c6:e3,0
723,10.21.0.18,10.21.0.5,ca:19:e5:3f:46:f3,82:fb:46:aa:c6:e3,10.21.0.18 IS-AT ca:19:e5:3f:46:f3,0
724,10.21.0.18,10.21.0.5,ca:19:e5:3f:46:f3,ff:ff:ff:ff:ff:ff,WHO-HAS 10.21.0.5? TELL 10.21.0.18,0
725,10.21.0.5,10.21.0.18,82:fb:46:aa:c6:e3,ca:19:e5:3f:46:f3,10.21.0.5 IS-AT 82:fb:46:aa:c6:e3,0
726,10.21.0.18,10.21.0.5,ca:19:e5:3f:46:f3,82:fb:46:aa:c6:e3,10.21.0.18 IS-AT ca:19:e5:3f:46:f3,0
727,10.21.0.18,10.21.0.5,ca:19:e5:3f:46:f3,ff:ff:ff:ff:ff:ff,WHO-HAS 10.21.0.5? TELL 10.21.0.18,0
728,10.21.0.5,10.21.0.18,82:fb:46:aa:c6:e3,ca:19:e5:3f:46:f3,10.21.0.5 IS-AT 82:fb:46:aa:c6:e3,0
729,10.21.0.18,10.21.0.5,ca:19:e5:3f:46:f3,82:fb:46:aa:c6:e3,10.21.0.18 IS-AT ca:19:e5:3f:46:f3,0
730,10.21.0.18,10.21.0.5,ca:19:e5:3f:46:f3,ff:ff:ff:ff:ff:ff,WHO-HAS 10.21.0.5? TELL 10.21.0.18,0
731,10.21.0.5,10.21.0.18,82:fb:46:aa:c6:e3,ca:19:e5:3f:46:f3,10.21.0.5 IS-AT 82:fb:46:aa:c6:e3,0
732,10.21.0.18,10.21.0.5,ca:19:e5:3f:46:f3,82:fb:46:aa:c6:e3,10.21.0.18 IS-AT ca:19:e5:3f:46:f3,0
733,10.21.0.18,10.21.0.5,ca:19:e5:3f:46:f3,ff:ff:ff:ff:ff:ff,WHO-HAS 10.21.0.5? TELL 10.21.0.18,0
734,10.21.0.5,10.21.0.18,82:fb:46:aa:c6:e3,ca:19:e5:3f:46:f3,10.21.0.5 IS-AT 82:fb:46:aa:c6:e3,0
735,10.21.0.18,10.21.0.5,ca:19:e5:3f:46:f3,82:fb:46:aa:c6:e3,10.21.0.18 IS-AT ca:19:e5:3f:46:f3,0
736,10.21.0.18,10.21.0.5,ca:19:e5:3f:46:f3,ff:ff:ff:ff:ff:ff,WHO-HAS 10.21.0.5? TELL 10.21.0.18,0
737,10.21.0.5,10.21.0.18,82:fb:46:aa:c6:e3,ca:19:e5:3f:46:f3,10.21.0.5 IS-AT 82:fb:46:aa:c6:e3,0
738,10.21.0.18,10.21.0.5,ca:19:e5:3f:46:f3,82:fb:46:aa:c6:e3,10.21.0.18 IS-AT ca:19:e5:3f:46:f3,0
739,10.21.0.18,10.21.0.5,ca:19:e5:3f:46:f3,ff:ff:ff:ff:ff:ff,WHO-HAS 10.21.0.5? TELL 10.21.0.18,0
740,10.21.0.5,10.21.0.18,82:fb:46:aa:c6:e3,ca:19:e5:3f:46:f3,10.21.0.5 IS-AT 82:fb:46:aa:c6:e3,0
741,10.21.0.18,10.21.0.5,ca:19:e5:3f:46:f3,82:fb:46:aa:c6:e3,10.21.0.18 IS-AT ca:19:e5:3f:46:f3,0
742,10.21.0.18,10.21.0.5,ca:19:e5:3f:46:f3,ff:ff:ff:ff:ff:ff,WHO-HAS 10.21.0.5? TELL 10.21.0.18,0
743,10.21.0.5,10.21.0.18,82:fb:46:aa:c6:e3,ca:19:e5:3f:46:f3,10.21.0.5 IS-AT 82:fb:46:aa:c6:e3,0
744,10.21.0.18,10.21.0.5,ca:19:e5:3f:46:f3,82:fb:46:aa:c6:e3,10.21.0.18 IS-AT ca:19:e5:3f:46:f3,0
745,10.21.0.18,10.21.0.5,ca:19:e5:3f:46:f3,ff:ff:ff:ff:ff:ff,WHO-HAS 10.21.0.5? TELL 10.21.0.18,0
746,10.21.0.5,10.21.0.18,82:fb:46:aa:c6:e3,ca:19:e5:3f:46:f3,10.21.0.5 IS-AT 82:fb:46:aa:c6:e3,0
747,10.21.0.18,10.21.0.5,ca:19:e5:3f:46:f3,82:fb:46:aa:c6:e3,10.21.0.18 IS-AT ca:19:e5:3f:46:f3,0
748,10.21.0.18,10.21.0.5,ca:19:e5:3f:46:f3,ff:ff:ff:ff:ff:ff,WHO-HAS 10.21.0.5? TELL 10.21.0.18,0
749,10.21.0.5,10.21.0.18,82:fb:46:aa:c6:e3,ca:19:e5:3f:46:f3,10.21.0.5 IS-AT 82:fb:46:aa:c6:e3,0
750,10.21.0.18,10.21.0.5,ca:19:e5:3f:46:f3,82:fb:46:aa:c6:e3,10.21.0.18 IS-AT ca:19:e5:3f:46:f3,0
751,10.21.0.18,10.21.0.5,ca:19:e5:3f:46:f3,ff:ff:ff:ff:ff:ff,WHO-HAS 10.21.0.5? TELL 10.21.0.18,0
752,10.21.0.5,10.21.0.18,82:fb:46:aa:c6:e3,ca:19:e5:3f:46:f3,10.21.0.5 IS-AT 82:fb:46:aa:c6:e3,0
753,10.21.0.18,10.21.0.5,ca:19:e5:3f:46:f3,82:fb:46:aa:c6:e3,10.21.0.18 IS-AT ca:19:e5:3f:46:f3,0
754,10.21.0.18,10.21.0.5,ca:19:e5:3f:46:f3,ff:ff:ff:ff:ff:ff,WHO-HAS 10.21.0.5? TELL 10.21.0.18,0
755,10.21.0.5,10.21.0.18,82:fb:46:aa:c6:e3,ca:19:e5:3f:46:f3,10.21.0.5 IS-AT 82:fb:46:aa:c6:e3,0
756,10.21.0.18,10.21.0.5,ca:19:e5:3f:46:f3,82:fb:46:aa:c6:e3,10.21.0.18 IS-AT ca:19:e5:3f:46:f3,0
757,10.21.0.18,10.21.0.5,ca:19:e5:3f:46:f3,ff:ff:ff:ff:ff:ff,WHO-HAS 10.21.0.5? TELL 10.21.0.18,0
758,10.21.0.5,10.21.0.18,82:fb:46:aa:c6:e3,ca:19:e5:3f:46:f3,10.21.0.5 IS-AT 82:fb:46:aa:c6:e3,0
759,10.21.0.18,10.21.0.5,ca:19:e5:3f:46:f3,82:fb:46:aa:c6:e3,10.21.0.18 IS-AT ca:19:e5:3f:46:f3,0
760,10.21.0.18,10.21.0.5,ca:19:e5:3f:46:f3,ff:ff:ff:ff:ff:ff,WHO-HAS 10.21.0.5? TELL 10.21.0.18,0
761,10.21.0.5,10.21.0.18,82:fb:46:aa:c6:e3,ca:19:e5:3f:46:f3,10.21.0.5 IS-AT 82:fb:46:aa:c6:e3,0
762,10.21.0.18,10.21.0.5,ca:19:e5:3f:46:f3,82:fb:46:aa:c6:e3,10.21.0.18 IS-AT ca:19:e5:3f:46:f3,0
763,10.21.0.18,10.21.0.5,ca:19:e5:3f:46:f3,ff:ff:ff:ff:ff:ff,WHO-HAS 10.21.0.5? TELL 10.21.0.18,0
764,10.21.0.5,10.21.0.18,82:fb:46:aa:c6:e3,ca:19:e5:3f:46:f3,10.21.0.5 IS-AT 82:fb:46:aa:c6:e3,0
765,10.21.0.18,10.21.0.5,ca:19:e5:3f:46:f3,82:fb:46:aa:c6:e3,10.21.0.18 IS-AT ca:19:e5:3f:46:f3,0
766,10.21.0.18,10.21.0.5,ca:19:e5:3f:46:f3,ff:ff:ff:ff:ff:ff,WHO-HAS 10.21.0.5? TELL 10.21.0.18,0
767,10.21.0.5,10.21.0.18,82:fb:46:aa:c6:e3,ca:19:e5:3f:46:f3,10.21.0.5 IS-AT 82:fb:46:aa:c6:e3,0
768,10.21.0.18,10.21.0.5,ca:19:e5:3f:46:f3,82:fb:46:aa:c6:e3,10.21.0.18 IS-AT ca:19:e5:3f:46:f3,0
769,10.21.0.18,10.21.0.5,ca:19:e5:3f:46:f3,ff:ff:ff:ff:ff:ff,WHO-HAS 10.21.0.5? TELL 10.21.0.18,0
770,10.21.0.5,10.21.0.18,82:fb:46:aa:c6:e3,ca:19:e5:3f:46:f3,10.21.0.5 IS-AT 82:fb:46:aa:c6:e3,0
771,10.21.0.18,10.21.0.5,ca:19:e5:3f:46:f3,82:fb:46:aa:c6:e3,10.21.0.18 IS-AT ca:19:e5:3f:46:f3,0
772,10.21.0.18,10.21.0.5,ca:19:e5:3f:46:f3,ff:ff:ff:ff:ff:ff,WHO-HAS 10.21.0.5? TELL 10.21.0.18,0
773,10.21.0.5,10.21.0.18,82:fb:46:aa:c6:e3,ca:19:e5:3f:46:f3,10.21.0.5 IS-AT 82:fb:46:aa:c6:e3,0
774,10.21.0.18,10.21.0.5,ca:19:e5:3f:46:f3,82:fb:46:aa:c6:e3,10.21.0.18 IS-AT ca:19:e5:3f:46:f3,0
775,10.21.0.18,10.21.0.5,ca:19:e5:3f:46:f3,ff:ff:ff:ff:ff:ff,WHO-HAS 10.21.0.5? TELL 10.21.0.18,0
776,10.21.0.5,10.21.0.18,82:fb:46:aa:c6:e3,ca:19:e5:3f:46:f3,10.21.0.5 IS-AT 82:fb:46:aa:c6:e3,0
777,10.21.0.18,10.21.0.5,ca:19:e5:3f:46:f3,82:fb:46:aa:c6:e3,10.21.0.18 IS-AT ca:19:e5:3f:46:f3,0
778,10.21.0.18,10.21.0.5,ca:19:e5:3f:46:f3,ff:ff:ff:ff:ff:ff,WHO-HAS 10.21.0.5? TELL 10.21.0.18,0
779,10.21.0.5,10.21.0.18,82:fb:46:aa:c6:e3,ca:19:e5:3f:46:f3,10.21.0.5 IS-AT 82:fb:46:aa:c6:e3,0
780,10.21.0.18,10.21.0.5,ca:19:e5:3f:46:f3,82:fb:46:aa:c6:e3,10.21.0.18 IS-AT ca:19:e5:3f:46:f3,0
781,10.21.0.18,10.21.0.5,ca:19:e5:3f:46:f3,ff:ff:ff:ff:ff:ff,WHO-HAS 10.21.0.5? TELL 10.21.0.18,0
782,10.21.0.5,10.21.0.18,82:fb:46:aa:c6:e3,ca:19:e5:3f:46:f3,10.21.0.5 IS-AT 82:fb:46:aa:c6:e3,0
783,10.21.0.18,10.21.0.5,ca:19:e5:3f:46:f3,82:fb:46:aa:c6:e3,10.21.0.18 IS-AT ca:19:e5:3f:46:f3,0
784,10.21.0.18,10.21.0.5,ca:19:e5:3f:46:f3,ff:ff:ff:ff:ff:ff,WHO-HAS 10.21.0.5? TELL 10.21.0.18,0
785,10.21.0.5,10.21.0.18,82:fb:46:aa:c6:e3,ca:19:e5:3f:46:f3,10.21.0.5 IS-AT 82:fb:46:aa:c6:e3,0
786,10.21.0.18,10.21.0.5,ca:19:e5:3f:46:f3,82:fb:46:aa:c6:e3,10.21.0.18 IS-AT ca:19:e5:3f:46:f3,0
787,10.21.0.18,10.21.0.5,ca:19:e5:3f:46:f3,ff:ff:ff:ff:ff:ff,WHO-HAS 10.21.0.5? TELL 10.21.0.18,0
788,10.21.0.5,10.21.0.18,82:fb:46:aa:c6:e3,ca:19:e5:3f:46:f3,10.21.0.5 IS-AT 82:fb:46:aa:c6:e3,0
789,10.21.0.18,10.21.0.5,ca:19:e5:3f:46:f3,82:fb:46:aa:c6:e3,10.21.0.18 IS-AT ca:19:e5:3f:46:f3,0
790,10.21.0.18,10.21.0.5,ca:19:e5:3f:46:f3,ff:ff:ff:ff:ff:ff,WHO-HAS 10.21.0.5? TELL 10.21.0.18,0
791,10.21.0.5,10.21.0.18,82:fb:46:aa:c6:e3,ca:19:e5:3f:46:f3,10.21.0.5 IS-AT 82:fb:46:aa:c6:e3,0
792,10.21.0.18,10.21.0.5,ca:19:e5:3f:46:f3,82:fb:46:aa:c6:e3,10.21.0.18 IS-AT ca:19:e5:3f:46:f3,0
793,10.21.0.18,10.21.0.5,ca:19:e5:3f:46:f3,ff:ff:ff:ff:ff:ff,WHO-HAS 10.21.0.5? TELL 10.21.0.18,0
794,10.21.0.5,10.21.0.18,82:fb:46:aa:c6:e3,ca:19:e5:3f:46:f3,10.21.0.5 IS-AT 82:fb:46:aa:c6:e3,0
795,10.21.0.18,10.21.0.5,ca:19:e5:3f:46:f3,82:fb:46:aa:c6:e3,10.21.0.18 IS-AT ca:19:e5:3f:46:f3,0
796,10.21.0.18,10.21.0.5,6a:76:e5:4c:3e:45,82:fb:46:aa:c6:e3,10.21.0.18 IS-AT 6a:76:e5:4c:3e:45,1
797,10.21.0.18,10.21.0.5,6a:76:e5:4c:3e:45,82:fb:46:aa:c6:e3,10.21.0.18 IS-AT 6a:76:e5:4c:3e:45,1
798,10.21.0.18,10.21.0.5,6a:76:e5:4c:3e:45,82:fb:46:aa:c6:e3,10.21.0.18 IS-AT 6a:76:e5:4c:3e:45,1
799,10.21.0.18,10.21.0.5,6a:76:e5:4c:3e:45,82:fb:46:aa:c6:e3,10.21.0.18 IS-AT 6a:76:e5:4c:3e:45,1
800,10.21.0.18,10.21.0.5,6a:76:e5:4c:3e:45,82:fb:46:aa:c6:e3,10.21.0.18 IS-AT 6a:76:e5:4c:3e:45,1
801,10.21.0.18,10.21.0.5,6a:76:e5:4c:3e:45,82:fb:46:aa:c6:e3,10.21.0.18 IS-AT 6a:76:e5:4c:3e:45,1
802,10.21.0.18,10.21.0.5,6a:76:e5:4c:3e:45,82:fb:46:aa:c6:e3,10.21.0.18 IS-AT 6a:76:e5:4c:3e:45,1
803,10.21.0.18,10.21.0.5,6a:76:e5:4c:3e:45,82:fb:46:aa:c6:e3,10.21.0.18 IS-AT 6a:76:e5:4c:3e:45,1
804,10.21.0.18,10.21.0.5,6a:76:e5:4c:3e:45,82:fb:46:aa:c6:e3,10.21.0.18 IS-AT 6a:76:e5:4c:3e:45,1
805,10.21.0.18,10.21.0.5,6a:76:e5:4c:3e:45,82:fb:46:aa:c6:e3,10.21.0.18 IS-AT 6a:76:e5:4c:3e:45,1
806,10.21.0.18,10.21.0.5,6a:76:e5:4c:3e:45,82:fb:46:aa:c6:e3,10.21.0.18 IS-AT 6a:76:e5:4c:3e:45,1
807,10.21.0.18,10.21.0.5,6a:76:e5:4c:3e:45,82:fb:46:aa:c6:e3,10.21.0.18 IS-AT 6a:76:e5:4c:3e:45,1
808,10.21.0.18,10.21.0.5,6a:76:e5:4c:3e:45,82:fb:46:aa:c6:e3,10.21.0.18 IS-AT 6a:76:e5:4c:3e:45,1
809,10.21.0.18,10.21.0.5,6a:76:e5:4c:3e:45,82:fb:46:aa:c6:e3,10.21.0.18 IS-AT 6a:76:e5:4c:3e:45,1
810,10.21.0.18,10.21.0.5,6a:76:e5:4c:3e:45,82:fb:46:aa:c6:e3,10.21.0.18 IS-AT 6a:76:e5:4c:3e:45,1
811,10.21.0.18,10.21.0.5,6a:76:e5:4c:3e:45,82:fb:46:aa:c6:e3,10.21.0.18 IS-AT 6a:76:e5:4c:3e:45,1
812,10.21.0.18,10.21.0.5,6a:76:e5:4c:3e:45,82:fb:46:aa:c6:e3,10.21.0.18 IS-AT 6a:76:e5:4c:3e:45,1
813,10.21.0.18,10.21.0.5,6a:76:e5:4c:3e:45,82:fb:46:aa:c6:e3,10.21.0.18 IS-AT 6a:76:e5:4c:3e:45,1
814,10.21.0.18,10.21.0.5,6a:76:e5:4c:3e:45,82:fb:46:aa:c6:e3,10.21.0.18 IS-AT 6a:76:e5:4c:3e:45,1
815,10.21.0.18,10.21.0.5,6a:76:e5:4c:3e:45,82:fb:46:aa:c6:e3,10.21.0.18 IS-AT 6a:76:e5:4c:3e:45,1
816,10.21.0.18,10.21.0.5,6a:76:e5:4c:3e:45,82:fb:46:aa:c6:e3,10.21.0.18 IS-AT 6a:76:e5:4c:3e:45,1
817,10.21.0.18,10.21.0.5,6a:76:e5:4c:3e:45,82:fb:46:aa:c6:e3,10.21.0.18 IS-AT 6a:76:e5:4c:3e:45,1
818,10.21.0.18,10.21.0.5,6a:76:e5:4c:3e:45,82:fb:46:aa:c6:e3,10.21.0.18 IS-AT 6a:76:e5:4c:3e:45,1
819,10.21.0.18,10.21.0.5,6a:76:e5:4c:3e:45,82:fb:46:aa:c6:e3,10.21.0.18 IS-AT 6a:76:e5:4c:3e:45,1
820,10.21.0.18,10.21.0.5,6a:76:e5:4c:3e:45,82:fb:46:aa:c6:e3,10.21.0.18 IS-AT 6a:76:e5:4c:3e:45,1
821,10.21.0.18,10.21.0.5,6a:76:e5:4c:3e:45,82:fb:46:aa:c6:e3,10.21.0.18 IS-AT 6a:76:e5:4c:3e:45,1
822,10.21.0.18,10.21.0.5,6a:76:e5:4c:3e:45,82:fb:46:aa:c6:e3,10.21.0.18 IS-AT 6a:76:e5:4c:3e:45,1
823,10.21.0.18,10.21.0.5,6a:76:e5:4c:3e:45,82:fb:46:aa:c6:e3,10.21.0.18 IS-AT 6a:76:e5:4c:3e:45,1
824,10.21.0.18,10.21.0.5,6a:76:e5:4c:3e:45,82:fb:46:aa:c6:e3,10.21.0.18 IS-AT 6a:76:e5:4c:3e:45,1
825,10.21.0.18,10.21.0.5,6a:76:e5:4c:3e:45,82:fb:46:aa:c6:e3,10.21.0.18 IS-AT 6a:76:e5:4c:3e:45,1
826,10.21.0.18,10.21.0.5,6a:76:e5:4c:3e:45,82:fb:46:aa:c6:e3,10.21.0.18 IS-AT 6a:76:e5:4c:3e:45,1
827,10.21.0.18,10.21.0.5,6a:76:e5:4c:3e:45,82:fb:46:aa:c6:e3,10.21.0.18 IS-AT 6a:76:e5:4c:3e:45,1
828,10.21.0.18,10.21.0.5,6a:76:e5:4c:3e:45,82:fb:46:aa:c6:e3,10.21.0.18 IS-AT 6a:76:e5:4c:3e:45,1
829,10.21.0.18,10.21.0.5,6a:76:e5:4c:3e:45,82:fb:46:aa:c6:e3,10.21.0.18 IS-AT 6a:76:e5:4c:3e:45,1
830,10.21.0.18,10.21.0.5,6a:76:e5:4c:3e:45,82:fb:46:aa:c6:e3,10.21.0.18 IS-AT 6a:76:e5:4c:3e:45,1
831,10.21.0.18,10.21.0.5,6a:76:e5:4c:3e:45,82:fb:46:aa:c6:e3,10.21.0.18 IS-AT 6a:76:e5:4c:3e:45,1
832,10.21.0.18,10.21.0.5,6a:76:e5:4c:3e:45,82:fb:46:aa:c6:e3,10.21.0.18 IS-AT 6a:76:e5:4c:3e:45,1
833,10.21.0.18,10.21.0.5,6a:76:e5:4c:3e:45,82:fb:46:aa:c6:e3,10.21.0.18 IS-AT 6a:76:e5:4c:3e:45,1
834,10.21.0.18,10.21.0.5,6a:76:e5:4c:3e:45,82:fb:46:aa:c6:e3,10.21.0.18 IS-AT 6a:76:e5:4c:3e:45,1
835,10.21.0.18,10.21.0.5,6a:76:e5:4c:3e:45,82:fb:46:aa:c6:e3,10.21.0.18 IS-AT 6a:76:e5:4c:3e:45,1
836,10.21.0.18,10.21.0.5,6a:76:e5:4c:3e:45,82:fb:46:aa:c6:e3,10.21.0.18 IS-AT 6a:76:e5:4c:3e:45,1
837,10.21.0.18,10.21.0.5,6a:76:e5:4c:3e:45,82:fb:46:aa:c6:e3,10.21.0.18 IS-AT 6a:76:e5:4c:3e:45,1
838,10.21.0.18,10.21.0.5,6a:76:e5:4c:3e:45,82:fb:46:aa:c6:e3,10.21.0.18 IS-AT 6a:76:e5:4c:3e:45,1
839,10.21.0.18,10.21.0.5,6a:76:e5:4c:3e:45,82:fb:46:aa:c6:e3,10.21.0.18 IS-AT 6a:76:e5:4c:3e:45,1
840,10.21.0.18,10.21.0.5,6a:76:e5:4c:3e:45,82:fb:46:aa:c6:e3,10.21.0.18 IS-AT 6a:76:e5:4c:3e:45,1
841,10.21.0.18,10.21.0.5,6a:76:e5:4c:3e:45,82:fb:46:aa:c6:e3,10.21.0.18 IS-AT 6a:76:e5:4c:3e:45,1
